DELETE FROM exercise;



--   BARKI
INSERT INTO  exercise(id,nazwa,opis)
VALUES(1,'Wyciskanie sztangi zza głowy','Główne zaangażowane mięśnie-przednie i boczne  aktony mięśni naramiennych,mięśnie trojgłowe ramion
Wykonanie: ćwiczenie to można wykonywać zarówno w pozycji stojącej, jak i siedzącej.
Podczas całego zakresu ruchu sztangi należy kontrolować ciężar Ruch powinien być płynny, sztangę opuszczamy aż do linii barków , po czym wyciskamy sztangę zatrzymując ruch zanim ramiona się wyprostują (aby utrzymać stałe napięcie ćwiczonych mięśni).');
INSERT INTO  exercise(id,nazwa,opis)
VALUES(2,'Wyciskanie sztangielek','
Główne zaangażowane mięśnie- przednie i boczne aktony mięśni naramiennych, mięśnie trójgłowe ramion
 Wykonanie: dłonie ze sztangielkami przez cały czas trzymamy tak, aby ich wewnętrzne części skierowane były do przodu. Ruch powinien odbywać się  pod pełną kontrolą ciężaru. Ważna jest również pozycja podczas ćwiczenia(wypchnięta klatka, naturalna krzywizna kręgosłupa).');
INSERT INTO  exercise(id,nazwa,opis)
VALUES(3,'Unoszenie ramion ze sztangielkami w leżeniu',' Główne zaangażowane mięśnie-boczne i tylne aktony mięśni naramiennych
Wykonanie- ćwiczenie wykonujemy w pozycji leżącej lub ławeczce. Ruch zaczynamy nieco poniżej poziomu klatki piersiowej i miarowo unosimy sztangielkę do momentu, kiedy poczujemy brak napięcia w mięśniach barków, czyli mniej więcej do pionu.');



-- -- KLATA
 INSERT INTO  exercise(id,nazwa,opis)
 VALUES(4,'Wyciskanie sztangielek w leżeniu  na ławce poziomej','Główne mięśnie zaangażowane w ćwiczeniu-mięsień piersiowy większy, mięsień kruczoramienny
Wykonanie- ćwiczenie rozpoczynamy z ramionami wyprostowanymi-prostopadłymi do podłoża( palce dłoni skierowane są do siebie), a w trakcie ruchu lekko uginamy je w łokciach. Nabieramy powietrza, gdy sztangielki są u góry(na początku ruchu) wydychamy je, gdy sztangielki wędrują do góry. Staramy się nie uderzać sztangielkami o siebie, ale zatrzymywać ruch zanim się zetkną. ');
INSERT INTO  exercise(id,nazwa,opis)
VALUES(5,'ROZPIĘTKI ZE SZTANGIELKAMI W LEŻENIU NA ŁAWCE POZIOMEJ','Główne mięsnie zaangażowane w ćwiczeniu-mięsień piersiowy większy ,mięsień kruczoramienny, przednie aktony mięśni naramiennych, piersiowy mniejszy, zębaty przedni
Wykonanie- ćwiczenie rozpoczynamy z ramionami wyprostowanymi-prostopadłymi do podłoża( palce dłoni skierowane są do siebie), a w trakcie ruchu lekko uginamy je w łokciach. Nabieramy powietrza, gdy sztangielki są u góry(na początku ruchu) wydychamy je, gdy sztangielki wędrują do góry. W końcowej fazie ruch można zatrzymać na chwilę w celu lepszego napięcia mięśni. Staramy się nie uderzać sztangielkami o siebie, ale zatrzymywać ruch zanim się zetkną. ');
INSERT INTO  exercise(id,nazwa,opis)
VALUES(6,'POMPKI NA PORĘCZACH:','Główne mięsnie zaangażowane w ćwiczeniu-cała grupa mięśni klatki piersiowej, przednie aktony mięśni naramiennych, mięśnie trójgłowe ramion.
 Wykonanie-  w tym ćwiczeniu, podobnie jak przy wyciskaniu wąsko również ważne jest by pracę wykonywały w głównym stopniu mięśnie piersiowe, w mniejszym stopniu chodzi nam o pracę mięśni trójgłowych ramion. Elementem decydującym o większym zaangażowaniu jednych, bądź drugich mięśni jest pozycja tułowia i ułożenie łokci. Należy wypracować takie ułożenie tułowia, przy którym główną pracę będą wykonywały mięśnie piersiowe, a łokcie pracować powinny w pewnym oddaleniu od tułowia. ');

-- PLECY
INSERT INTO  exercise(id,nazwa,opis)
VALUES(7,'PODCIĄGANIE NA DRĄŻKU SZEROKIM UCHWYTEM (NACHWYT)','Główne mięśnie zaangażowane w ćwiczeniu-mięśnie najszersze grzbietu, obłe mniejsze, obłe większe, podgrzebieniowe, dwugłowe ramion
Wykonanie-  chwytamy drążek nachwytem na szerokość taką, by po podciągnięciu ramiona z przedramionami tworzyły kąt prosty(w przybliżeniu).Nogi ugięte w kolanach(dla lepszej stabilności można je spleść).Łokcie pracują w płaszczyźnie pleców-w jednej linii. Wdech robimy przed rozpoczęciem ruchu podciągania-wydech dopiero, gdy jesteśmy już u góry. Ruch podciągania kończymy w momencie, gdy nasza broda(lub kark) jest na wysokości drążka lub nieco ponad nim. Opuszczamy się wolno i pod pełną kontrolą. ');
INSERT INTO  exercise(id,nazwa,opis)
VALUES(8,'”MARTWY CIĄG”','Główne mięśnie zaangażowane w ćwiczeniu-prostowniki grzbietu, mięsnie najszersze grzbietu, pośladkowe, dwugłowe ud
Wykonanie- stajemy przodem do sztangi, w rozkroku na szerokość barków lub nieco szerszym, nogi lekko ugięte w kolanach, gryf sztangi nad palcami stóp, sztangę chwytamy nachwytem, nieco szerzej niż barki. Klatka wypchnięta ku przodowi, tułów wyprostowany, głowa lekko zadarta do góry. Ćwiczenie polega na unoszeniu sztangi w górę poprzez prostowanie nóg i wyprost tułowia. Ruch kończymy przy pełnym wyproście tułowia-nie odchylamy go do tyłu-grozi to kontuzją. Nie wolno również dopuszczać do tzw. ”kociego grzbietu”, czyli wygięcia pleców w łuk(szczególnie w dolnym odcinku).Powrót do pozycji wyjściowej zaczynamy od lekkiego ugięcia nóg w kolanach, a następnie pochylamy tułów(oczywiście cały czas jest on wyprostowany)robiąc skłon. Nie pochylamy się jednak zbyt nisko. Ruch opuszczania ciężaru wolny i kontrolowany-sztanga nie uderza o podłogę, ale dotyka jej.');
INSERT INTO  exercise(id,nazwa,opis)
VALUES(9,'PRZYCIĄGANIE LINKI WYCIĄGU DOLNEGO W SIADZIE PŁASKIM','Główne mięśnie zaangażowane w ćwiczeniu-najszersze grzbietu, obłe większe, obłe mniejsze, mięśnie równoległoboczne
Wykonanie- siadamy płasko przed wyciągiem dolnym nogi zaparte o stabilny punkt oparcia i chwytamy rączkę wyciągu. Przyciągamy ją do brzucha, utrzymując przez cały czas tułów w pozycji pionowej. W końcowej fazie ruchu staramy się ściągnąć łopatki ku sobie. Po czym powoli, kontrolując ruch opuszczamy ciężar. Wdech przed rozpoczęciem przyciągania- wydech, gdy rączka jest przy brzuchu. ');

-- NOGI
INSERT INTO  exercise(id,nazwa,opis)
VALUES(10,'PRZYSIADY ZE SZTANGĄ TRZYMANĄ Z PRZODU','Główne mięśnie zaangażowane w ćwiczeniu-ćwiczenie to angażuje przede wszystkim głowy boczne i przyśrodkowe mięśni czworogłowych.
Wykonanie- podobna technika, jak przy zwykłych przysiadach. Mocniej jednak angażowane są mięśnie czworogłowe ud-spowodowane jest to pionową pozycją tułowia związaną z położeniem sztangi z przodu. Gryf spoczywa na przedniej części mięśni naramiennych i górnej części klatki piersiowej. Uchwyt na szerokość barków-jeżeli trzymamy sztangę podchwytem,(co jest może mniej wygodne, ale bezpieczniejsze lub węższy- jeżeli trzymamy gryf nachwytem-ze skrzyżowanymi ramionami.');
INSERT INTO  exercise(id,nazwa,opis)
VALUES(11,'WYPYCHANIE CIĘŻARU NA SUWNICY(MASZYNIE)','Główne mięśnie zaangażowane w ćwiczeniu-wszystkie głowy mięśni czworogłowych ud oraz przywodziciele wielkie i krótkie-ważne jest ułożenie stóp-im bardziej cofnięte do tyłu-tym mocniej zaangażowane są głowy boczne, oraz przyśrodkowe mięśni czworogłowych
Wykonanie- ćwiczenie to można wykonywać na różnego rodzaju suwnicach i maszynach, pod różnymi kątami-zmiana ułożenia ciała w ćwiczeniu powoduje, że atakujemy mięśnie pod różnymi kątami-bardziej wszechstronnie. Bez względu na rodzaj maszyny i kat ułożenia ciała, obowiązują wspólne zasady: siadamy na siedzisku, opierając stopy na platformie maszyny, ich rozstaw ok. szerokości ramion-całe stopy przylegają do platformy, nogi wyprostowane w kolanach,(ale nie zblokowane)-z tej pozycji nabierając powietrza rozpoczynamy powtórzenie. Trenujemy w tempie wolnym , pełna kontrola ruchu i ciężaru przez cały czas, ruch kończymy w momencie, gdy nogi uginają w kolanach się pod kątem 90 stopni lub nieco mniejszym, z tego punktu wypychamy ciężar, jednocześnie wypuszczając powietrze.');
INSERT INTO  exercise(id,nazwa,opis)
VALUES(12,'PRZYSIADY WYKROCZNE','Główne mięśnie zaangażowane w ćwiczeniu-przywodziciele krótkie i wielkie, w mniejszym stopniu głowy boczne, oraz przyśrodkowe mięsni czworogłowych ud
-wykonanie- pozycja wyjściowa taka, jak przy przysiadach zwykłych. Z tej pozycji stawiamy jedną noga krok do przodu(na tyle duży, by po wykonaniu przysiadu do momentu ugięcia nogi pod kątem 90 stopni-podudzia były prostopadle do podłogi, a uda równoległe), po czym wykonujemy na nodze wykrocznej przysiad, na tyle głęboki, by noga ugięła się pod kątem ok.90 stopni. Po czy wracamy do pozycji wyjściowej i wykonujemy to samo, ale drugą nogą. Noga nie ćwiczona w trakcie przysiadu lekko ugięta w kolanie, a w trakcie, gdy noga wykroczne jest wysunięta do przodu- czasowo przylega do podłogi tylko palcami(noga nie trenowana). Wdech robimy w momencie stawiania kroku, wydech-w trakcie wstawania z przysiadu. Do tego ćwiczenia można użyć zarówno sztangi(trzymanej na karku), jak i sztangielek(trzymanych w opuszczonych luźno obok tułowia rękach). Istnieje również bardzo podobne(pod względem zaangażowania mięśni) ćwiczenie-„PRZYSIAD ROZDZIELNY”- polegające na wykonywaniu przysiadów na nodze wykrocznej w wykroku. Wykonuje się kilka-kilkanaście przysiadów na jednej nodze, po czym zmienia się ćwiczoną nogę.');


-- BRZUCH
INSERT INTO  exercise(id,nazwa,opis)
VALUES(13,'SKŁONY W LEŻENIU PŁASKO','Główne mięśnie zaangażowane w ćwiczeniu- mięśnie proste brzucha, skośne brzucha
Wykonanie- kładziemy się na materacu lub ławce. Nogi ugięte, ręce nad głową i unosimy tułów w górę. Pierwsza do góry unosi się głowa, potem barki, a na końcu reszta tułowia. Dla lepszego zaangażowania mięśni skośnych brzucha, w końcowej fazie unoszenia tułowia można wykonywać nim skręty. Jest to jednak wersja trudniejsza i bardziej narażająca na ewentualne kontuzje(mocniej obciąża dolne partie grzbietu).Nabieramy powietrza przed rozpoczęciem ruchu, a wypuszczamy je w trakcie unoszenia tułowia.');
INSERT INTO  exercise(id,nazwa,opis)
VALUES(14,'UNOSZENIE NÓG W ZWISIE NA DRĄŻKU','Główne mięśnie zaangażowane w ćwiczeniu- mięśnie proste brzucha, skośne brzucha, mięsnie zębate przednie
Wykonanie- chwytamy drążek prosty nachwytem lub podchwytem, jeżeli mamy kłopot z dłuższym utrzymaniem się na drążku, możemy zastosować paski. Unosimy nogi jak najwyżej do brody. Można również w tym ćwiczeniu wprowadzić skręty tułowia w końcowej fazie unoszenia nóg, co mocniej zaangażuje do pracy mięśnie skośne brzucha. Jeszcze inna wersja(mocno angażująca mięśnie skośne)polega na jednoczesnym skręcie bioder wraz z unoszeniem nóg. Osoby zaawansowane mogą w tym ćwiczeniu używać dodatkowego obciążenia zamocowanego do nóg, ale tylko jeżeli czują się na siłach-łatwo „przedobrzyć” i nabawić się bolesnej kontuzji. Tempo ruchu umiarkowane, bez zrywów. Im mniejsze ugięcie nóg w kolanach, tym większy stopień trudności ćwiczenia, większe zaangażowanie mięśni zginaczy bioder(przy zmniejszeniu pracy mięsni brzucha) i większe napięcia w dolnym odcinku grzbietu.
 Łatwiejszą wersją tego ćwiczenia jest wykonanie go na drabinkach przyściennych, co daje oparcie dla pleców.');
INSERT INTO  exercise(id,nazwa,opis)
VALUES(15,'SKŁONY BOCZNE NA ŁAWCE',' Główne mięśnie zaangażowane w ćwiczeniu-skośne brzucha
Wykonanie- Do ćwiczenia będzie potrzebna ławka(płaska lub skośna-ta druga wydaje się być odpowiedniejsza) z drążkiem do zablokowania nóg. Kładziemy się bokiem na ławce tak, by od pasa w dół całe ciało przylegało do niej, a nogi blokujemy o specjalny drążek. Ramiona skrzyżowane na klatce, tułów w pozycji równoległej do podłoża. Z tej pozycji rozpoczynamy skłony tułowia do góry. Ruch kończymy w momencie maksymalnego wychylenia tułowia w górę. W pozycji końcowej wstrzymujemy na chwilę ruch-wzmaga to napięcie mięśni. Ruch powinien być płynny i w wolnym tempie, bez gwałtownych szarpnięć.');


-- RAMIONA
INSERT INTO  exercise(id,nazwa,opis)
VALUE (16,'UGINANIE RAMION ZE SZTANGIELKAMI STOJĄC','Główne mięśnie zaangażowane w ćwiczeniu-, mięśnie ramienne, mięsnie dwugłowe ramion, mięśnie przedramion
Wykonanie- wiczenie z pozoru podobne do poprzedniego, jednak z zasadniczą różnicą-ułożenie nadgarstków jest neutralne i takie pozostaje przez całe ćwiczenie. Palce dłoni skierowane są do wewnątrz(kciukiem do góry).Ważne jest również utrzymanie stałej pozycji łokci przez cały czas trwania ćwiczenia. Ruch powrotny powinien być wolny i kontrolowany. Ruch można wykonywać na przemian-raz jedna ręka, raz druga(po 1 powtórzeniu), obiema rękami jednocześnie, lub opuszczając jedną rękę- jednocześnie unosząc drugą. Samemu trzeba wybrać, która wersja jest dla nas najefektywniejsza. Jednak w tym ćwiczeniu najlepsza, pod względem koncentracji wydaje się być wersja pojedynczych ruchów każdej ręki na przemian.');
INSERT INTO  exercise(id,nazwa,opis)
VALUE (17,'UGINANIE RAMIENIA ZE SZTANGIELKĄ NA „MODLITEWNIKU”','Usiądź przy modlitewniku i chwyć łamaną sztangę podchwytem. Odblokuj ją i wyprostuj całkowicie ręce. Ugnij ręce w łokciach, przenosząc ciężar w stronę barków. Zatrzymaj jednak ruch w połowie i wróć do startu.Kolejne powtórzenia wykonuj od połowy zakresu ruchu do pełnego zgięcia w łokciach. Sztangę musisz opuszczać nie do pełnego wyprostu, ale jedynie do połowy zakresu ruchu. Końcowych siedem powtórzeń to pełen zakres ruchu. Zacznij od zupełnego wyprostu. Uginaj ręce do pełnego zgięcia i opuszczaj do pełnego wyprostu. Pilnuj, by łokcie nie rozjeżdżały się na boki.');
INSERT INTO  exercise(id,nazwa,opis)
VALUE (18,'UGINANIE RAMIENIA ZE SZTANGIELKĄ W SIADZIE-W PODPORZE O KOLANO','Główne mięsnie zaangażowane w ćwiczeniu- mięsnie dwugłowe ramion, mięśnie ramienne, mięśnie przedramion
Wykonanie- jest to ćwiczenie modelujące kształt bicepsów-ich wierzchołek. Wymaga ono dużej koncentracji w czasie wykonywania. Siadamy na ławce lub krześle, pochylamy się lekko do przodu. Chwytamy sztangielkę w dłoń i opieramy łokieć o wewnętrzną część uda. Ruch powinien mieć wolne tempo(zarówno podczas unoszenia i opuszczania)-jest to ćwiczenie koncentryczne i technika jest w nim ważniejsza od wielkości ciężaru. Można również w tym ćwiczeniu stosować supinację nadgarstka. Ramiona „zamykamy” do końca, napinając maksymalnie mięsień. Prostujemy ramię(jak w innych ćwiczeniach na mięśnie dwugłowe)tylko do momentu pełnego rozciągnięcia bicepsów, nie do pełnego zakresu ruchu w stawie łokciowym.');


-- -INNE(BEZPRZYRZADOWE)
INSERT INTO  exercise(id,nazwa,opis)
VALUE (19,'POMPKI','Połóż się płasko na brzuchu.Umieść dłonie płasko na ziemi na wysokości barków, troszkę szerzej niż szerokość Twoich barków.Utrzymuj ciało w pozycji wyprostowanej.Unieś ciało do góry rozprostowując ramiona, wciąż utrzymując ciało w pozycji wyprostowanej. Unikaj tendencji wyginania tułowia do tyłu.Ciało powinno opierać się teraz jedynie na dłoniach i palcach stóp, będąc cały czas w pozycji wyprostowanej.
Kolejne pompki wykonuj poprzez unoszenie i opuszczanie ciała jedynie poprzez zginanie i rozprostowywanie ramion.
Nie kładź się na ziemi pomiędzy pompkami. Od pierwszej do ostatniej pompki kontakt z podłożem powinny mieć tylko palce u stóp i dłonie.');
INSERT INTO  exercise(id,nazwa,opis)
VALUE (20,'PRZYSIADY','Główne mięśnie zaangażowane w ćwiczeniu- mięśnie czworogłowe ud
-wykonanie-jest to ćwiczenie podobne do przysiadów z obciążeniem-jedyną różnicą(poza brakiem obciążenia)jest ułożenie ramion-są wyprostowane do przodu, równolegle do podłogi(rys 5b). Można oczywiście, jeżeli ktoś jest przyzwyczajony do przysiadów ze sztangą na barkach i taka technika najlepiej mu wychodzi-trzymać ramiona w sposób pozorujący trzymanie gryfu sztangi. Można również, dla lepszej równowagi użyć np. kija od szczotki. W celu zwiększenia stopnia trudności ćwiczenie to można wykonywać na jednej nodze(rys.4c). Oddech bierzemy przed rozpoczęciem przysiady-powietrze wypuszczamy, gdy podnosimy się z przysiadu.');
INSERT INTO  exercise(id,nazwa,opis)
VALUE (21,'Wspięcia na palce','Główne mięśnie zaangażowane w ćwiczeniu- brzuchate łydek, mięśnie płaszczkowate
-wykonanie- Analogicznie, jak przy przysiadach jest to ćwiczenie z techniką podobną do ćwiczenia z obciążeniem. Stajemy przy jakimś punkcie oparcia(dla zachowania równowagi podczas ćwiczenia)-może to być ściana(rys 8a),krzesło, bądź jakikolwiek stabilny sprzęt domowy. Pod palce kładziemy grubą podkładkę, dla zwiększenia zakresu ruchu. W celu zwiększenia stopnia trudności można ćwiczenie wykonać na jednej nodze.');
INSERT INTO  exercise(id,nazwa,opis)
VALUE (22,'Skłony tułowia w leżeniu tyłem','Główne mięśnie zaangażowane w ćwiczeniu- mięśnie proste i skośne brzucha
-wykonanie-Kładziemy się na plecach ,nogi zaparte o stabilny sprzęt(np. pod szafą, jak na rys.,lub kaloryferem)mogą być wyprostowane w kolanach(rys.2c)lub ugięte(zmniejsza ryzyko kontuzji dolnego odcinka grzbietu). Ręce nad głową i unosimy tułów w górę. Pierwsza do góry unosi się głowa, potem barki, a na końcu reszta tułowia. Dla lepszego zaangażowania mięśni skośnych brzucha, w końcowej fazie unoszenia tułowia można wykonywać nim skręty(rys. 2d). Jest to jednak wersja trudniejsza i bardziej narażająca na ewentualne kontuzje(mocniej obciąża dolne partie grzbietu).Nabieramy powietrza przed rozpoczęciem ruchu, a wypuszczamy je w trakcie unoszenia tułowia.');
INSERT INTO  exercise(id,nazwa,opis)
VALUE (23,'"Nożyce" w leżeniu tyłem','Główne mięśnie zaangażowane w ćwiczeniu- mięśnie proste i skośne brzucha
-wykonanie-Kładziemy się płasko tyłem na podłodze, całe ciało przylega do niej. Ramiona luźno wzdłuż tułowia, nogi wyprostowane w kolanach, unosimy je na wysokość 30-40 cm(rys. 4d), taką by czuć jak największe napięcie mięsni brzucha. Z tej pozycji wykonujemy ruchy stopami góra-dół w zarkesie 30-40 cm. Można też trzymać nogi nieruchomo, bądź wykonywać ruchy w poziomie. Zależy to od naszej pomysłowości i od tego, czy czujemy, że dana wersja angażuje nasz mięśnie.');
INSERT INTO  exercise(id,nazwa,opis)
VALUE (24,'Spinanie brzucha w leżeniu tyłem','Główne mięśnie zaangażowane w ćwiczeniu- mięśnie proste i skośne brzucha
-wykonanie- Kładziemy się płasko tyłem na podłodze. Pozycja, jak w poprzednim ćwiczeniu. Z leżenia wykonujemy jednoczesny ruch unoszenia nóg i tułowia w górę spinając tym samym mięśnie brzucha. Ćwiczenie można wykonać na wyprostowanych nogach(rys.4e) jak również na ugiętych w kolanach.');
INSERT INTO  exercise(id,nazwa,opis)
VALUE (25,'Jazda na rowerze','');
INSERT INTO  exercise(id,nazwa,opis)
VALUE (26,'Skakanie na skakance','');
INSERT INTO  exercise(id,nazwa,opis)
VALUE (27,'Pływanie','');
INSERT INTO  exercise(id,nazwa,opis)
VALUE (28,'AEROBIK','');
INSERT INTO  exercise(id,nazwa,opis)
VALUE (29,'BIEG CIĄGŁY','');
INSERT INTO  exercise(id,nazwa,opis)
VALUE (30,'Marsz','');

--
  DELETE FROM details_training;
  DELETE FROM training_day;
  DELETE FROM training;



-- -trenig na mase, amator , do10h , 5 trenigow
INSERT INTO  training(id,cel,stopienzaawansowania,iloscczasu,ilosctreningow)
VALUE
(1,'masa','początkujący','90min','5'),
(2,'rzeźba','amator','30min','5'),
(3,'rzeźba','początkujący','90min','5'),
(4,'masa','początkujący','60min','5'),
 (5,'kondycja','zaawansowany','60min','5'),
 (6,'odchudzanie','zaawansowany','90min','5'),

 (7,'odchudzanie','początkujący','90min','4'),
 (8,'odchudzanie','amator','60min','4'),
 (9,'rzeźba','zaawansowany','30min','4'),
 (10,'odchudzanie','amator','30min','4'),
 (11,'kondycja','zaawansowany','90min','4'),

 (12,'rzeźba','amator','60min','3'),
 (13,'odchudzanie','zaawansowany','30min','3'),
 (14,'kondycja','początkujący','90min','3'),
 (15,'masa','zaawansowany','30min','3'),
 (16,'masa','amator','60min','3'),

 (17,'masa','zaawansowany','30min','2'),
 (18,'odchudzanie','amator','60min','2'),
 (19,'rzeźba','początkujący','90min','2'),
 (20,'odchudzanie','zaawansowany','60min','2'),
 (21,'kondycja','zaawansowany','30min','2');




-- INSERT INTO  training_day(id,dzientygodnia,nazwacwiczenia,iloscpowtorzen,iloscseri,opis,training_id)
-- VALUE
-- (1,'poniedziałek','wyciskani','5','10',1),
-- (2,'','barkiciwczenie','8','12',1),
-- (3,'','plaska','5','10',1),
-- (4,'','plaska','5','10',1),
-- (5,'piątek','brzuch','5','10',1),
-- (6,'','nogi','5','10',1),
-- (7,'','barki','5','10',1),
-- (8,'','plaska','5','10',1),
-- (9,'','skos','5','10',1),
-- (10,'','skos','5','10',1),
--
-- (11,'poniedziałęk','barki','5','10',2),
-- (12,'','skos','5','10',2);
 INSERT INTO  training_day(id,dzientygodnia,nazwacwiczenia,iloscpowtorzen,iloscseri,opis,training_id)
VALUE

(1,'poniedziałek','Unoszenie ramion ze sztangielkami ',14,3,'Weź dwa hantle i trzymaj je wzdłuż tułowia. Ściągnij łopatki i napnij mięśnie pośladkowe. Unieś hantle na bok i lekko przed siebie (około 30 stopni przed siebie, tak aby ręce tworzyły ze sobą kąt rozwarty).',1),
 (2,'','wiosłowanie sztangielką',14,5,'Wykonaj klęk podparty jednonóż na ławce poziomej. Druga noga oparta stabilnie o podłoże. Wolną ręką chwyć sztangielkę chwytem neutralnym. Wykonajując wdech rozpocznij ruch wiosłowania sztangielką. Łokieć prowadź blisko ciała. Zakończ ruch w momencie maksymalnego napięcia mięśni grzbietu, gdy łokieć nieznacznie znajdzie się powyżej poziomu równoległego do podłoża. Następnie wykonując powolny wydech wróć do pozycji wyjściowej.',1),
 (3,'','Wyciskanie na ławce dodatniej',14,4,'Górną część klatki piersiowej możemy ćwiczeń ze sztangą lub ze sztangielkami. Bardzo dobrym ćwiczeniem, w szczególności na mięsnie stabilizujące klatki piersiowej, jest wyciskanie sztangielek na ławce dodatniej. To ćwiczenie angażuje część obojczykową mięśnia piersiowego większego oraz mięsień naramienny przedni, co pozwoli efektownie wspomóc inne ćwiczenia na klatkę piersiową. ',1),
 (4,'','wiosłowanie sztangielką',9,5,'Jedną ręką (tą, którą nie ćwiczysz) i kolanem z tej samej strony oprzyj się o ławkę, zaś drugą ręką złap sztangielkę tak, aby dłoń była zwrócona palcami w kierunku ciała. Tułów powinien być prawie równoległy do podłoża. Weź wdech i rozpocznij ruch wiosłowania, poruszając łokciem przez cały czas blisko ciała.
Zakończ powtórzenie w momencie, gdy ręka znajdzie się w najwyższym punkcie, a następnie zrób wydech i powróć powoli kontrolując ciężar do pozycji wyjściowej.',1),
 (5,'','Wyciskanie na ławce dodatniej',14,3,'Górną część klatki piersiowej możemy ćwiczeń ze sztangą lub ze sztangielkami. Bardzo dobrym ćwiczeniem, w szczególności na mięsnie stabilizujące klatki piersiowej, jest wyciskanie sztangielek na ławce dodatniej. To ćwiczenie angażuje część obojczykową mięśnia piersiowego większego oraz mięsień naramienny przedni, co pozwoli efektownie wspomóc inne ćwiczenia na klatkę piersiową. ',1),
 (6,'wtorek',' Wykroki ',13,5,'Zrób krok do przodu, nie pochylając przy tym tułowia. W tej pozycji udo przedniej nogi powinno być równoległe do podłoża. Kolano nigdy nie powinno wychodzić do przodu (ruch, w końcowej fazie odbywa się w dół). Ciężar ciała powinien znajdować się na przedniej pięcie (nigdy na palcach). Tylna noga jest lekko ugięta w kolanie. Kolano nie dotyka podłogi. Ekplozywnie wróć do pozycji wyjściowej (wykonaj jeden, szybki ruch).',1),
 (7,'','wiosłowanie sztangielką',15,5,'Wykonaj klęk podparty jednonóż na ławce poziomej. Druga noga oparta stabilnie o podłoże. Wolną ręką chwyć sztangielkę chwytem neutralnym. Wykonajując wdech rozpocznij ruch wiosłowania sztangielką. Łokieć prowadź blisko ciała. Zakończ ruch w momencie maksymalnego napięcia mięśni grzbietu, gdy łokieć nieznacznie znajdzie się powyżej poziomu równoległego do podłoża. Następnie wykonując powolny wydech wróć do pozycji wyjściowej.',1),
 (8,'',' Przysiady ze sztangą trzymaną z przodu ',11,5,'Stajemy w postawie wyprostowanej przed stojakiem ze sztangą. Wsuwamy tułów pod sztangę w taki sposób, aby gryf znalazł się w górnej strefie mięśni piersiowych i przedniej części mięśni naramiennych. Następnie unosimy łokcie wysoko do przodu (na tyle, aby ramiona znalazły się mniej więcej w pozycji równoległej do podłoża) i kładziemy skrzyżowane ręce na barkach lub nieco wężej, przytrzymując sztangę od góry. ',1),
 (9,'',' wyciskanie na maszynie siedząc ',13,5,' Siedzimy na ławce maszyny tułów wyprostowany plecy oparte całą powierzchnią, stopy na platformie, dłonie na uchwytach, ręce mocno zgięte w łokciach. Wyciskanie ciężaru przez prostowanie rą',1),
 (10,'',' wyciskanie sztangi na ławce płaskiej ',9,5,'Połóż się tyłem na ławce. Złap sztangę naprawdę szerokim nachwytem. Zdejmij ją ze stojaków i opuść do klatki piersiowej, łokcie prowadząc szerzej niż w klasycznym wariancie. Zatrzymaj na sekundę ruch, a następnie wyciśnij ciężar do pozycji początkowej.',1),
 (11,'','Podciąganie na drążku ',14,4,'Aby wykonać ruch ściągnięcia łopatek należy z uniesionymi rękoma w górze łopatkami napiąć brzuch i pośladki. Następnie poprzez ruch na wyprostowanej ręce, należy przyciągnąć łopatki do dołu i do siebie.',1),
 (12,'',' Podciąganie na drążku wąskim chwytem ',9,4,'Aby wykonać ruch ściągnięcia łopatek należy z uniesionymi rękoma w górze łopatkami napiąć brzuch i pośladki. Następnie poprzez ruch na wyprostowanej ręce, należy przyciągnąć łopatki do dołu i do siebie.',1),
 (13,'',' wyciskanie na maszynie siedząc ',9,4,' Siedzimy na ławce maszyny tułów wyprostowany plecy oparte całą powierzchnią, stopy na platformie, dłonie na uchwytach, ręce mocno zgięte w łokciach. Wyciskanie ciężaru przez prostowanie rą',1),
 (14,'środa','Przysiady ze sztangą trzymaną z przodu ',11,5,'Stajemy w postawie wyprostowanej przed stojakiem ze sztangą. Wsuwamy tułów pod sztangę w taki sposób, aby gryf znalazł się w górnej strefie mięśni piersiowych i przedniej części mięśni naramiennych. Następnie unosimy łokcie wysoko do przodu (na tyle, aby ramiona znalazły się mniej więcej w pozycji równoległej do podłoża) i kładziemy skrzyżowane ręce na barkach lub nieco wężej, przytrzymując sztangę od góry. ',1),
 (15,'','Przysiady ze sztangą trzymaną z przodu ',10,4,'Stajemy w postawie wyprostowanej przed stojakiem ze sztangą. Wsuwamy tułów pod sztangę w taki sposób, aby gryf znalazł się w górnej strefie mięśni piersiowych i przedniej części mięśni naramiennych. Następnie unosimy łokcie wysoko do przodu (na tyle, aby ramiona znalazły się mniej więcej w pozycji równoległej do podłoża) i kładziemy skrzyżowane ręce na barkach lub nieco wężej, przytrzymując sztangę od góry. ',1),
 (16,'','Podciąganie na drążku ',15,4,'Aby wykonać ruch ściągnięcia łopatek należy z uniesionymi rękoma w górze łopatkami napiąć brzuch i pośladki. Następnie poprzez ruch na wyprostowanej ręce, należy przyciągnąć łopatki do dołu i do siebie.',1),
 (17,'',' wyciskanie sztangi na ławce płaskiej ',14,4,'Połóż się tyłem na ławce. Złap sztangę naprawdę szerokim nachwytem. Zdejmij ją ze stojaków i opuść do klatki piersiowej, łokcie prowadząc szerzej niż w klasycznym wariancie. Zatrzymaj na sekundę ruch, a następnie wyciśnij ciężar do pozycji początkowej.',1),
 (18,'czwartek',' Martwy ciąg ',14,5,'Do ciągu przystępujesz w obuwiu w twardej podeszwie (może być boso!), stajesz przed sztangą tak, aby po ugięciu nóg piszczele dotykały gryfu. Łapiesz nachwytem sztangę, ściągasz łopatki (stabilizacja kręgosłupa), wypinasz tyłek i wstajesz pionowo do góry. Unikaj kociego grzbietu. Kiedy sztanga osiągnie wysokość kolan, zaczynasz wychodzić biodrami do przodu.',1),
 (19,'','Unoszenie ramion ze sztangielkami ',15,3,'Weź dwa hantle i trzymaj je wzdłuż tułowia. Ściągnij łopatki i napnij mięśnie pośladkowe. Unieś hantle na bok i lekko przed siebie (około 30 stopni przed siebie, tak aby ręce tworzyły ze sobą kąt rozwarty).',1),
 (20,'','Wyciskanie na ławce dodatniej',8,4,'Górną część klatki piersiowej możemy ćwiczeń ze sztangą lub ze sztangielkami. Bardzo dobrym ćwiczeniem, w szczególności na mięsnie stabilizujące klatki piersiowej, jest wyciskanie sztangielek na ławce dodatniej. To ćwiczenie angażuje część obojczykową mięśnia piersiowego większego oraz mięsień naramienny przedni, co pozwoli efektownie wspomóc inne ćwiczenia na klatkę piersiową. ',1),
 (21,'','Wyciskanie na ławce dodatniej',11,4,'Górną część klatki piersiowej możemy ćwiczeń ze sztangą lub ze sztangielkami. Bardzo dobrym ćwiczeniem, w szczególności na mięsnie stabilizujące klatki piersiowej, jest wyciskanie sztangielek na ławce dodatniej. To ćwiczenie angażuje część obojczykową mięśnia piersiowego większego oraz mięsień naramienny przedni, co pozwoli efektownie wspomóc inne ćwiczenia na klatkę piersiową. ',1),
 (22,'piątek','Wyciskanie na ławce dodatniej',10,3,'Górną część klatki piersiowej możemy ćwiczeń ze sztangą lub ze sztangielkami. Bardzo dobrym ćwiczeniem, w szczególności na mięsnie stabilizujące klatki piersiowej, jest wyciskanie sztangielek na ławce dodatniej. To ćwiczenie angażuje część obojczykową mięśnia piersiowego większego oraz mięsień naramienny przedni, co pozwoli efektownie wspomóc inne ćwiczenia na klatkę piersiową. ',1),
 (23,'','Wyciskanie na ławce dodatniej',13,5,'Górną część klatki piersiowej możemy ćwiczeń ze sztangą lub ze sztangielkami. Bardzo dobrym ćwiczeniem, w szczególności na mięsnie stabilizujące klatki piersiowej, jest wyciskanie sztangielek na ławce dodatniej. To ćwiczenie angażuje część obojczykową mięśnia piersiowego większego oraz mięsień naramienny przedni, co pozwoli efektownie wspomóc inne ćwiczenia na klatkę piersiową. ',1),
 (24,'','Podciąganie na drążku wąskim chwytem ',10,4,'Aby wykonać ruch ściągnięcia łopatek należy z uniesionymi rękoma w górze łopatkami napiąć brzuch i pośladki. Następnie poprzez ruch na wyprostowanej ręce, należy przyciągnąć łopatki do dołu i do siebie.',1),
 (25,'','Unoszenie ramion ze sztangielkami ',10,3,'Weź dwa hantle i trzymaj je wzdłuż tułowia. Ściągnij łopatki i napnij mięśnie pośladkowe. Unieś hantle na bok i lekko przed siebie (około 30 stopni przed siebie, tak aby ręce tworzyły ze sobą kąt rozwarty).',1),

 (26,'poniedziałek',' Wypychanie ciężaru na suwnicy',10,5,'Usiądź w siedzisku maszyny. Połóż stopy na platformie (powinny w całości do niej przylegać) mniej więcej na szerokość barków . Weź wdech, zwolnij blokadę ciężaru i rozpocznij wykonywanie ćwiczenia. W momencie, gdy nogi ugną się w kolanach pod kątem ok. 90 stopni zacznij wypychanie ciężaru, jednocześnie robiąc wydech.',2),
 (27,'',' Wypychanie ciężaru na suwnicy',14,5,'Usiądź w siedzisku maszyny. Połóż stopy na platformie (powinny w całości do niej przylegać) mniej więcej na szerokość barków . Weź wdech, zwolnij blokadę ciężaru i rozpocznij wykonywanie ćwiczenia. W momencie, gdy nogi ugną się w kolanach pod kątem ok. 90 stopni zacznij wypychanie ciężaru, jednocześnie robiąc wydech.',2),
 (28,'','Wyciskanie na ławce dodatniej',15,5,'Górną część klatki piersiowej możemy ćwiczeń ze sztangą lub ze sztangielkami. Bardzo dobrym ćwiczeniem, w szczególności na mięsnie stabilizujące klatki piersiowej, jest wyciskanie sztangielek na ławce dodatniej. To ćwiczenie angażuje część obojczykową mięśnia piersiowego większego oraz mięsień naramienny przedni, co pozwoli efektownie wspomóc inne ćwiczenia na klatkę piersiową. ',2),
 (29,'',' Wykroki ',12,5,'Zrób krok do przodu, nie pochylając przy tym tułowia. W tej pozycji udo przedniej nogi powinno być równoległe do podłoża. Kolano nigdy nie powinno wychodzić do przodu (ruch, w końcowej fazie odbywa się w dół). Ciężar ciała powinien znajdować się na przedniej pięcie (nigdy na palcach). Tylna noga jest lekko ugięta w kolanie. Kolano nie dotyka podłogi. Ekplozywnie wróć do pozycji wyjściowej (wykonaj jeden, szybki ruch).',2),
 (30,'wtorek','Podciąganie na drążku ',10,3,'Aby wykonać ruch ściągnięcia łopatek należy z uniesionymi rękoma w górze łopatkami napiąć brzuch i pośladki. Następnie poprzez ruch na wyprostowanej ręce, należy przyciągnąć łopatki do dołu i do siebie.',2),
 (31,'','Wyciskanie na ławce dodatniej',12,4,'Górną część klatki piersiowej możemy ćwiczeń ze sztangą lub ze sztangielkami. Bardzo dobrym ćwiczeniem, w szczególności na mięsnie stabilizujące klatki piersiowej, jest wyciskanie sztangielek na ławce dodatniej. To ćwiczenie angażuje część obojczykową mięśnia piersiowego większego oraz mięsień naramienny przedni, co pozwoli efektownie wspomóc inne ćwiczenia na klatkę piersiową. ',2),
 (32,'',' Przysiad bułgarski ',13,5,'Trzymaj hantle w obydwu dłoniach, z całkowicie rozciągniętymi ramionami po bokach tułowia i z wnętrzami dłoni skierowanymi do siebie. Trzymając stopy Opuść biodra do podłoża, aby tylne kolano znalazło się blisko podłoża. Zrób pauzę i wybij się z przedniej pięty, by wrócić do pozycji wyjściowej.',2),
 (33,'',' Martwy ciąg ',14,3,'Do ciągu przystępujesz w obuwiu w twardej podeszwie (może być boso!), stajesz przed sztangą tak, aby po ugięciu nóg piszczele dotykały gryfu. Łapiesz nachwytem sztangę, ściągasz łopatki (stabilizacja kręgosłupa), wypinasz tyłek i wstajesz pionowo do góry. Unikaj kociego grzbietu. Kiedy sztanga osiągnie wysokość kolan, zaczynasz wychodzić biodrami do przodu.',2),
 (34,'',' Podciąganie na drążku wąskim chwytem ',9,3,'Aby wykonać ruch ściągnięcia łopatek należy z uniesionymi rękoma w górze łopatkami napiąć brzuch i pośladki. Następnie poprzez ruch na wyprostowanej ręce, należy przyciągnąć łopatki do dołu i do siebie.',2),
 (35,'','Wyciskanie na ławce dodatniej',15,3,'Górną część klatki piersiowej możemy ćwiczeń ze sztangą lub ze sztangielkami. Bardzo dobrym ćwiczeniem, w szczególności na mięsnie stabilizujące klatki piersiowej, jest wyciskanie sztangielek na ławce dodatniej. To ćwiczenie angażuje część obojczykową mięśnia piersiowego większego oraz mięsień naramienny przedni, co pozwoli efektownie wspomóc inne ćwiczenia na klatkę piersiową. ',2),
 (36,'','Unoszenie ramion ze sztangielkami ',8,3,'Weź dwa hantle i trzymaj je wzdłuż tułowia. Ściągnij łopatki i napnij mięśnie pośladkowe. Unieś hantle na bok i lekko przed siebie (około 30 stopni przed siebie, tak aby ręce tworzyły ze sobą kąt rozwarty).',2),
 (37,'środa','Podciąganie na drążku ',12,5,'Aby wykonać ruch ściągnięcia łopatek należy z uniesionymi rękoma w górze łopatkami napiąć brzuch i pośladki. Następnie poprzez ruch na wyprostowanej ręce, należy przyciągnąć łopatki do dołu i do siebie.',2),
 (38,'',' Martwy ciąg ',14,5,'Do ciągu przystępujesz w obuwiu w twardej podeszwie (może być boso!), stajesz przed sztangą tak, aby po ugięciu nóg piszczele dotykały gryfu. Łapiesz nachwytem sztangę, ściągasz łopatki (stabilizacja kręgosłupa), wypinasz tyłek i wstajesz pionowo do góry. Unikaj kociego grzbietu. Kiedy sztanga osiągnie wysokość kolan, zaczynasz wychodzić biodrami do przodu.',2),
 (39,'',' wyciskanie sztangi na ławce płaskiej ',15,4,'Połóż się tyłem na ławce. Złap sztangę naprawdę szerokim nachwytem. Zdejmij ją ze stojaków i opuść do klatki piersiowej, łokcie prowadząc szerzej niż w klasycznym wariancie. Zatrzymaj na sekundę ruch, a następnie wyciśnij ciężar do pozycji początkowej.',2),
 (40,'',' Wykroki ',11,4,'Zrób krok do przodu, nie pochylając przy tym tułowia. W tej pozycji udo przedniej nogi powinno być równoległe do podłoża. Kolano nigdy nie powinno wychodzić do przodu (ruch, w końcowej fazie odbywa się w dół). Ciężar ciała powinien znajdować się na przedniej pięcie (nigdy na palcach). Tylna noga jest lekko ugięta w kolanie. Kolano nie dotyka podłogi. Ekplozywnie wróć do pozycji wyjściowej (wykonaj jeden, szybki ruch).',2),
 (41,'',' Martwy ciąg ',11,3,'Do ciągu przystępujesz w obuwiu w twardej podeszwie (może być boso!), stajesz przed sztangą tak, aby po ugięciu nóg piszczele dotykały gryfu. Łapiesz nachwytem sztangę, ściągasz łopatki (stabilizacja kręgosłupa), wypinasz tyłek i wstajesz pionowo do góry. Unikaj kociego grzbietu. Kiedy sztanga osiągnie wysokość kolan, zaczynasz wychodzić biodrami do przodu.',2),
 (42,'',' wyciskanie na maszynie siedząc ',15,4,' Siedzimy na ławce maszyny tułów wyprostowany plecy oparte całą powierzchnią, stopy na platformie, dłonie na uchwytach, ręce mocno zgięte w łokciach. Wyciskanie ciężaru przez prostowanie rą',2),
 (43,'',' Wypychanie ciężaru na suwnicy',9,3,'Usiądź w siedzisku maszyny. Połóż stopy na platformie (powinny w całości do niej przylegać) mniej więcej na szerokość barków . Weź wdech, zwolnij blokadę ciężaru i rozpocznij wykonywanie ćwiczenia. W momencie, gdy nogi ugną się w kolanach pod kątem ok. 90 stopni zacznij wypychanie ciężaru, jednocześnie robiąc wydech.',2),
 (44,'',' wyciskanie na maszynie siedząc ',12,5,' Siedzimy na ławce maszyny tułów wyprostowany plecy oparte całą powierzchnią, stopy na platformie, dłonie na uchwytach, ręce mocno zgięte w łokciach. Wyciskanie ciężaru przez prostowanie rą',2),
 (45,'','Unoszenie ramion ze sztangielkami ',11,5,'Weź dwa hantle i trzymaj je wzdłuż tułowia. Ściągnij łopatki i napnij mięśnie pośladkowe. Unieś hantle na bok i lekko przed siebie (około 30 stopni przed siebie, tak aby ręce tworzyły ze sobą kąt rozwarty).',2),
 (46,'',' wyciskanie na maszynie siedząc ',11,3,' Siedzimy na ławce maszyny tułów wyprostowany plecy oparte całą powierzchnią, stopy na platformie, dłonie na uchwytach, ręce mocno zgięte w łokciach. Wyciskanie ciężaru przez prostowanie rą',2),
 (47,'czwartek',' Martwy ciąg ',12,4,'Do ciągu przystępujesz w obuwiu w twardej podeszwie (może być boso!), stajesz przed sztangą tak, aby po ugięciu nóg piszczele dotykały gryfu. Łapiesz nachwytem sztangę, ściągasz łopatki (stabilizacja kręgosłupa), wypinasz tyłek i wstajesz pionowo do góry. Unikaj kociego grzbietu. Kiedy sztanga osiągnie wysokość kolan, zaczynasz wychodzić biodrami do przodu.',2),
 (48,'',' Podciąganie na drążku wąskim chwytem ',15,4,'Aby wykonać ruch ściągnięcia łopatek należy z uniesionymi rękoma w górze łopatkami napiąć brzuch i pośladki. Następnie poprzez ruch na wyprostowanej ręce, należy przyciągnąć łopatki do dołu i do siebie.',2),
 (49,'piątek',' Wykroki ',15,4,'Zrób krok do przodu, nie pochylając przy tym tułowia. W tej pozycji udo przedniej nogi powinno być równoległe do podłoża. Kolano nigdy nie powinno wychodzić do przodu (ruch, w końcowej fazie odbywa się w dół). Ciężar ciała powinien znajdować się na przedniej pięcie (nigdy na palcach). Tylna noga jest lekko ugięta w kolanie. Kolano nie dotyka podłogi. Ekplozywnie wróć do pozycji wyjściowej (wykonaj jeden, szybki ruch).',2),
 (50,'',' Wypychanie ciężaru na suwnicy',12,5,'Usiądź w siedzisku maszyny. Połóż stopy na platformie (powinny w całości do niej przylegać) mniej więcej na szerokość barków . Weź wdech, zwolnij blokadę ciężaru i rozpocznij wykonywanie ćwiczenia. W momencie, gdy nogi ugną się w kolanach pod kątem ok. 90 stopni zacznij wypychanie ciężaru, jednocześnie robiąc wydech.',2),

 (51,'poniedziałek','wiosłowanie sztangielką',13,5,'Jedną ręką (tą, którą nie ćwiczysz) i kolanem z tej samej strony oprzyj się o ławkę, zaś drugą ręką złap sztangielkę tak, aby dłoń była zwrócona palcami w kierunku ciała. Tułów powinien być prawie równoległy do podłoża. Weź wdech i rozpocznij ruch wiosłowania, poruszając łokciem przez cały czas blisko ciała.
Zakończ powtórzenie w momencie, gdy ręka znajdzie się w najwyższym punkcie, a następnie zrób wydech i powróć powoli kontrolując ciężar do pozycji wyjściowej.',3),
 (52,'',' Przysiady ze sztangą trzymaną z przodu ',11,5,'Stajemy w postawie wyprostowanej przed stojakiem ze sztangą. Wsuwamy tułów pod sztangę w taki sposób, aby gryf znalazł się w górnej strefie mięśni piersiowych i przedniej części mięśni naramiennych. Następnie unosimy łokcie wysoko do przodu (na tyle, aby ramiona znalazły się mniej więcej w pozycji równoległej do podłoża) i kładziemy skrzyżowane ręce na barkach lub nieco wężej, przytrzymując sztangę od góry. ',3),
 (53,'',' Wykroki ',12,4,'Zrób krok do przodu, nie pochylając przy tym tułowia. W tej pozycji udo przedniej nogi powinno być równoległe do podłoża. Kolano nigdy nie powinno wychodzić do przodu (ruch, w końcowej fazie odbywa się w dół). Ciężar ciała powinien znajdować się na przedniej pięcie (nigdy na palcach). Tylna noga jest lekko ugięta w kolanie. Kolano nie dotyka podłogi. Ekplozywnie wróć do pozycji wyjściowej (wykonaj jeden, szybki ruch).',3),
 (54,'',' Wypychanie ciężaru na suwnicy',15,5,'Usiądź w siedzisku maszyny. Połóż stopy na platformie (powinny w całości do niej przylegać) mniej więcej na szerokość barków . Weź wdech, zwolnij blokadę ciężaru i rozpocznij wykonywanie ćwiczenia. W momencie, gdy nogi ugną się w kolanach pod kątem ok. 90 stopni zacznij wypychanie ciężaru, jednocześnie robiąc wydech.',3),
 (55,'wtorek',' wyciskanie na maszynie siedząc ',15,3,' Siedzimy na ławce maszyny tułów wyprostowany plecy oparte całą powierzchnią, stopy na platformie, dłonie na uchwytach, ręce mocno zgięte w łokciach. Wyciskanie ciężaru przez prostowanie rą',3),
 (56,'',' Przysiad bułgarski ',11,5,'Trzymaj hantle w obydwu dłoniach, z całkowicie rozciągniętymi ramionami po bokach tułowia i z wnętrzami dłoni skierowanymi do siebie. Trzymając stopy Opuść biodra do podłoża, aby tylne kolano znalazło się blisko podłoża. Zrób pauzę i wybij się z przedniej pięty, by wrócić do pozycji wyjściowej.',3),
 (57,'','Unoszenie ramion ze sztangielkami ',9,4,'Weź dwa hantle i trzymaj je wzdłuż tułowia. Ściągnij łopatki i napnij mięśnie pośladkowe. Unieś hantle na bok i lekko przed siebie (około 30 stopni przed siebie, tak aby ręce tworzyły ze sobą kąt rozwarty).',3),
 (58,'',' Martwy ciąg ',13,3,'Do ciągu przystępujesz w obuwiu w twardej podeszwie (może być boso!), stajesz przed sztangą tak, aby po ugięciu nóg piszczele dotykały gryfu. Łapiesz nachwytem sztangę, ściągasz łopatki (stabilizacja kręgosłupa), wypinasz tyłek i wstajesz pionowo do góry. Unikaj kociego grzbietu. Kiedy sztanga osiągnie wysokość kolan, zaczynasz wychodzić biodrami do przodu.',3),
 (59,'',' Przysiad bułgarski ',14,3,'Trzymaj hantle w obydwu dłoniach, z całkowicie rozciągniętymi ramionami po bokach tułowia i z wnętrzami dłoni skierowanymi do siebie. Trzymając stopy Opuść biodra do podłoża, aby tylne kolano znalazło się blisko podłoża. Zrób pauzę i wybij się z przedniej pięty, by wrócić do pozycji wyjściowej.',3),
 (60,'','Podciąganie na drążku ',8,4,'Aby wykonać ruch ściągnięcia łopatek należy z uniesionymi rękoma w górze łopatkami napiąć brzuch i pośladki. Następnie poprzez ruch na wyprostowanej ręce, należy przyciągnąć łopatki do dołu i do siebie.',3),
 (61,'',' Martwy ciąg ',8,3,'Do ciągu przystępujesz w obuwiu w twardej podeszwie (może być boso!), stajesz przed sztangą tak, aby po ugięciu nóg piszczele dotykały gryfu. Łapiesz nachwytem sztangę, ściągasz łopatki (stabilizacja kręgosłupa), wypinasz tyłek i wstajesz pionowo do góry. Unikaj kociego grzbietu. Kiedy sztanga osiągnie wysokość kolan, zaczynasz wychodzić biodrami do przodu.',3),
 (62,'',' Przysiady ze sztangą trzymaną z przodu ',9,3,'Stajemy w postawie wyprostowanej przed stojakiem ze sztangą. Wsuwamy tułów pod sztangę w taki sposób, aby gryf znalazł się w górnej strefie mięśni piersiowych i przedniej części mięśni naramiennych. Następnie unosimy łokcie wysoko do przodu (na tyle, aby ramiona znalazły się mniej więcej w pozycji równoległej do podłoża) i kładziemy skrzyżowane ręce na barkach lub nieco wężej, przytrzymując sztangę od góry. ',3),
 (63,'',' Wykroki ',15,4,'Zrób krok do przodu, nie pochylając przy tym tułowia. W tej pozycji udo przedniej nogi powinno być równoległe do podłoża. Kolano nigdy nie powinno wychodzić do przodu (ruch, w końcowej fazie odbywa się w dół). Ciężar ciała powinien znajdować się na przedniej pięcie (nigdy na palcach). Tylna noga jest lekko ugięta w kolanie. Kolano nie dotyka podłogi. Ekplozywnie wróć do pozycji wyjściowej (wykonaj jeden, szybki ruch).',3),
 (64,'','Wyciskanie na ławce dodatniej',11,3,'Górną część klatki piersiowej możemy ćwiczeń ze sztangą lub ze sztangielkami. Bardzo dobrym ćwiczeniem, w szczególności na mięsnie stabilizujące klatki piersiowej, jest wyciskanie sztangielek na ławce dodatniej. To ćwiczenie angażuje część obojczykową mięśnia piersiowego większego oraz mięsień naramienny przedni, co pozwoli efektownie wspomóc inne ćwiczenia na klatkę piersiową. ',3),
 (65,'',' Wykroki ',15,4,'Zrób krok do przodu, nie pochylając przy tym tułowia. W tej pozycji udo przedniej nogi powinno być równoległe do podłoża. Kolano nigdy nie powinno wychodzić do przodu (ruch, w końcowej fazie odbywa się w dół). Ciężar ciała powinien znajdować się na przedniej pięcie (nigdy na palcach). Tylna noga jest lekko ugięta w kolanie. Kolano nie dotyka podłogi. Ekplozywnie wróć do pozycji wyjściowej (wykonaj jeden, szybki ruch).',3),
 (66,'',' wyciskanie sztangi na ławce płaskiej ',12,5,'Połóż się tyłem na ławce. Złap sztangę naprawdę szerokim nachwytem. Zdejmij ją ze stojaków i opuść do klatki piersiowej, łokcie prowadząc szerzej niż w klasycznym wariancie. Zatrzymaj na sekundę ruch, a następnie wyciśnij ciężar do pozycji początkowej.',3),
 (67,'środa',' Wykroki ',15,3,'Zrób krok do przodu, nie pochylając przy tym tułowia. W tej pozycji udo przedniej nogi powinno być równoległe do podłoża. Kolano nigdy nie powinno wychodzić do przodu (ruch, w końcowej fazie odbywa się w dół). Ciężar ciała powinien znajdować się na przedniej pięcie (nigdy na palcach). Tylna noga jest lekko ugięta w kolanie. Kolano nie dotyka podłogi. Ekplozywnie wróć do pozycji wyjściowej (wykonaj jeden, szybki ruch).',3),
 (68,'','Wyciskanie na ławce dodatniej',11,5,'Górną część klatki piersiowej możemy ćwiczeń ze sztangą lub ze sztangielkami. Bardzo dobrym ćwiczeniem, w szczególności na mięsnie stabilizujące klatki piersiowej, jest wyciskanie sztangielek na ławce dodatniej. To ćwiczenie angażuje część obojczykową mięśnia piersiowego większego oraz mięsień naramienny przedni, co pozwoli efektownie wspomóc inne ćwiczenia na klatkę piersiową. ',3),
 (69,'',' Wypychanie ciężaru na suwnicy',8,5,'Usiądź w siedzisku maszyny. Połóż stopy na platformie (powinny w całości do niej przylegać) mniej więcej na szerokość barków . Weź wdech, zwolnij blokadę ciężaru i rozpocznij wykonywanie ćwiczenia. W momencie, gdy nogi ugną się w kolanach pod kątem ok. 90 stopni zacznij wypychanie ciężaru, jednocześnie robiąc wydech.',3),
 (70,'',' Podciąganie na drążku wąskim chwytem ',10,3,'Aby wykonać ruch ściągnięcia łopatek należy z uniesionymi rękoma w górze łopatkami napiąć brzuch i pośladki. Następnie poprzez ruch na wyprostowanej ręce, należy przyciągnąć łopatki do dołu i do siebie.',3),
 (71,'czwartek',' wyciskanie sztangi na ławce płaskiej ',8,3,'Połóż się tyłem na ławce. Złap sztangę naprawdę szerokim nachwytem. Zdejmij ją ze stojaków i opuść do klatki piersiowej, łokcie prowadząc szerzej niż w klasycznym wariancie. Zatrzymaj na sekundę ruch, a następnie wyciśnij ciężar do pozycji początkowej.',3),
 (72,'',' wyciskanie sztangi na ławce płaskiej ',8,4,'Połóż się tyłem na ławce. Złap sztangę naprawdę szerokim nachwytem. Zdejmij ją ze stojaków i opuść do klatki piersiowej, łokcie prowadząc szerzej niż w klasycznym wariancie. Zatrzymaj na sekundę ruch, a następnie wyciśnij ciężar do pozycji początkowej.',3),
 (73,'piątek',' Wypychanie ciężaru na suwnicy',11,3,'Usiądź w siedzisku maszyny. Połóż stopy na platformie (powinny w całości do niej przylegać) mniej więcej na szerokość barków . Weź wdech, zwolnij blokadę ciężaru i rozpocznij wykonywanie ćwiczenia. W momencie, gdy nogi ugną się w kolanach pod kątem ok. 90 stopni zacznij wypychanie ciężaru, jednocześnie robiąc wydech.',3),
 (74,'',' Przysiady ze sztangą trzymaną z przodu ',11,3,'Stajemy w postawie wyprostowanej przed stojakiem ze sztangą. Wsuwamy tułów pod sztangę w taki sposób, aby gryf znalazł się w górnej strefie mięśni piersiowych i przedniej części mięśni naramiennych. Następnie unosimy łokcie wysoko do przodu (na tyle, aby ramiona znalazły się mniej więcej w pozycji równoległej do podłoża) i kładziemy skrzyżowane ręce na barkach lub nieco wężej, przytrzymując sztangę od góry. ',3),
 (75,'','wiosłowanie sztangielką',15,4,'Wykonaj klęk podparty jednonóż na ławce poziomej. Druga noga oparta stabilnie o podłoże. Wolną ręką chwyć sztangielkę chwytem neutralnym. Wykonajując wdech rozpocznij ruch wiosłowania sztangielką. Łokieć prowadź blisko ciała. Zakończ ruch w momencie maksymalnego napięcia mięśni grzbietu, gdy łokieć nieznacznie znajdzie się powyżej poziomu równoległego do podłoża. Następnie wykonując powolny wydech wróć do pozycji wyjściowej.',3),
--
 (76,'poniedziałek','wiosłowanie sztangielką',14,5,'Jedną ręką (tą, którą nie ćwiczysz) i kolanem z tej samej strony oprzyj się o ławkę, zaś drugą ręką złap sztangielkę tak, aby dłoń była zwrócona palcami w kierunku ciała. Tułów powinien być prawie równoległy do podłoża. Weź wdech i rozpocznij ruch wiosłowania, poruszając łokciem przez cały czas blisko ciała.
Zakończ powtórzenie w momencie, gdy ręka znajdzie się w najwyższym punkcie, a następnie zrób wydech i powróć powoli kontrolując ciężar do pozycji wyjściowej.',4),
 (77,'',' Podciąganie na drążku wąskim chwytem ',12,3,'Aby wykonać ruch ściągnięcia łopatek należy z uniesionymi rękoma w górze łopatkami napiąć brzuch i pośladki. Następnie poprzez ruch na wyprostowanej ręce, należy przyciągnąć łopatki do dołu i do siebie.',4),
 (78,'',' Wypychanie ciężaru na suwnicy',13,3,'Usiądź w siedzisku maszyny. Połóż stopy na platformie (powinny w całości do niej przylegać) mniej więcej na szerokość barków . Weź wdech, zwolnij blokadę ciężaru i rozpocznij wykonywanie ćwiczenia. W momencie, gdy nogi ugną się w kolanach pod kątem ok. 90 stopni zacznij wypychanie ciężaru, jednocześnie robiąc wydech.',4),
 (79,'','wiosłowanie sztangielką',12,4,'Wykonaj klęk podparty jednonóż na ławce poziomej. Druga noga oparta stabilnie o podłoże. Wolną ręką chwyć sztangielkę chwytem neutralnym. Wykonajując wdech rozpocznij ruch wiosłowania sztangielką. Łokieć prowadź blisko ciała. Zakończ ruch w momencie maksymalnego napięcia mięśni grzbietu, gdy łokieć nieznacznie znajdzie się powyżej poziomu równoległego do podłoża. Następnie wykonując powolny wydech wróć do pozycji wyjściowej.',4),
 (80,'wtorek',' wyciskanie sztangi na ławce płaskiej ',10,4,'Połóż się tyłem na ławce. Złap sztangę naprawdę szerokim nachwytem. Zdejmij ją ze stojaków i opuść do klatki piersiowej, łokcie prowadząc szerzej niż w klasycznym wariancie. Zatrzymaj na sekundę ruch, a następnie wyciśnij ciężar do pozycji początkowej.',4),
 (81,'','Wyciskanie na ławce dodatniej',12,3,'Górną część klatki piersiowej możemy ćwiczeń ze sztangą lub ze sztangielkami. Bardzo dobrym ćwiczeniem, w szczególności na mięsnie stabilizujące klatki piersiowej, jest wyciskanie sztangielek na ławce dodatniej. To ćwiczenie angażuje część obojczykową mięśnia piersiowego większego oraz mięsień naramienny przedni, co pozwoli efektownie wspomóc inne ćwiczenia na klatkę piersiową. ',4),
 (82,'',' Podciąganie na drążku wąskim chwytem ',11,5,'Aby wykonać ruch ściągnięcia łopatek należy z uniesionymi rękoma w górze łopatkami napiąć brzuch i pośladki. Następnie poprzez ruch na wyprostowanej ręce, należy przyciągnąć łopatki do dołu i do siebie.',4),
 (83,'',' wyciskanie sztangi na ławce płaskiej ',15,3,'Połóż się tyłem na ławce. Złap sztangę naprawdę szerokim nachwytem. Zdejmij ją ze stojaków i opuść do klatki piersiowej, łokcie prowadząc szerzej niż w klasycznym wariancie. Zatrzymaj na sekundę ruch, a następnie wyciśnij ciężar do pozycji początkowej.',4),
 (84,'',' Wypychanie ciężaru na suwnicy',15,5,'Usiądź w siedzisku maszyny. Połóż stopy na platformie (powinny w całości do niej przylegać) mniej więcej na szerokość barków . Weź wdech, zwolnij blokadę ciężaru i rozpocznij wykonywanie ćwiczenia. W momencie, gdy nogi ugną się w kolanach pod kątem ok. 90 stopni zacznij wypychanie ciężaru, jednocześnie robiąc wydech.',4),
 (85,'',' Podciąganie na drążku wąskim chwytem ',9,3,'Aby wykonać ruch ściągnięcia łopatek należy z uniesionymi rękoma w górze łopatkami napiąć brzuch i pośladki. Następnie poprzez ruch na wyprostowanej ręce, należy przyciągnąć łopatki do dołu i do siebie.',4),
 (86,'',' Martwy ciąg ',12,3,'Do ciągu przystępujesz w obuwiu w twardej podeszwie (może być boso!), stajesz przed sztangą tak, aby po ugięciu nóg piszczele dotykały gryfu. Łapiesz nachwytem sztangę, ściągasz łopatki (stabilizacja kręgosłupa), wypinasz tyłek i wstajesz pionowo do góry. Unikaj kociego grzbietu. Kiedy sztanga osiągnie wysokość kolan, zaczynasz wychodzić biodrami do przodu.',4),
 (87,'',' Podciąganie na drążku wąskim chwytem ',9,3,'Aby wykonać ruch ściągnięcia łopatek należy z uniesionymi rękoma w górze łopatkami napiąć brzuch i pośladki. Następnie poprzez ruch na wyprostowanej ręce, należy przyciągnąć łopatki do dołu i do siebie.',4),
 (88,'',' Przysiad bułgarski ',12,5,'Trzymaj hantle w obydwu dłoniach, z całkowicie rozciągniętymi ramionami po bokach tułowia i z wnętrzami dłoni skierowanymi do siebie. Trzymając stopy Opuść biodra do podłoża, aby tylne kolano znalazło się blisko podłoża. Zrób pauzę i wybij się z przedniej pięty, by wrócić do pozycji wyjściowej.',4),
 (89,'',' Wykroki ',11,3,'Zrób krok do przodu, nie pochylając przy tym tułowia. W tej pozycji udo przedniej nogi powinno być równoległe do podłoża. Kolano nigdy nie powinno wychodzić do przodu (ruch, w końcowej fazie odbywa się w dół). Ciężar ciała powinien znajdować się na przedniej pięcie (nigdy na palcach). Tylna noga jest lekko ugięta w kolanie. Kolano nie dotyka podłogi. Ekplozywnie wróć do pozycji wyjściowej (wykonaj jeden, szybki ruch).',4),
 (90,'','Unoszenie ramion ze sztangielkami ',8,3,'Weź dwa hantle i trzymaj je wzdłuż tułowia. Ściągnij łopatki i napnij mięśnie pośladkowe. Unieś hantle na bok i lekko przed siebie (około 30 stopni przed siebie, tak aby ręce tworzyły ze sobą kąt rozwarty).',4),
 (91,'','Podciąganie na drążku ',13,3,'Aby wykonać ruch ściągnięcia łopatek należy z uniesionymi rękoma w górze łopatkami napiąć brzuch i pośladki. Następnie poprzez ruch na wyprostowanej ręce, należy przyciągnąć łopatki do dołu i do siebie.',4),
 (92,'','Unoszenie ramion ze sztangielkami ',15,4,'Weź dwa hantle i trzymaj je wzdłuż tułowia. Ściągnij łopatki i napnij mięśnie pośladkowe. Unieś hantle na bok i lekko przed siebie (około 30 stopni przed siebie, tak aby ręce tworzyły ze sobą kąt rozwarty).',4),
 (93,'środa',' wyciskanie na maszynie siedząc ',15,5,' Siedzimy na ławce maszyny tułów wyprostowany plecy oparte całą powierzchnią, stopy na platformie, dłonie na uchwytach, ręce mocno zgięte w łokciach. Wyciskanie ciężaru przez prostowanie rą',4),
 (94,'',' Przysiad bułgarski ',14,5,'Trzymaj hantle w obydwu dłoniach, z całkowicie rozciągniętymi ramionami po bokach tułowia i z wnętrzami dłoni skierowanymi do siebie. Trzymając stopy Opuść biodra do podłoża, aby tylne kolano znalazło się blisko podłoża. Zrób pauzę i wybij się z przedniej pięty, by wrócić do pozycji wyjściowej.',4),
 (95,'',' Przysiady ze sztangą trzymaną z przodu ',10,5,'Stajemy w postawie wyprostowanej przed stojakiem ze sztangą. Wsuwamy tułów pod sztangę w taki sposób, aby gryf znalazł się w górnej strefie mięśni piersiowych i przedniej części mięśni naramiennych. Następnie unosimy łokcie wysoko do przodu (na tyle, aby ramiona znalazły się mniej więcej w pozycji równoległej do podłoża) i kładziemy skrzyżowane ręce na barkach lub nieco wężej, przytrzymując sztangę od góry. ',4),
 (96,'czwartek','Unoszenie ramion ze sztangielkami ',10,4,'Weź dwa hantle i trzymaj je wzdłuż tułowia. Ściągnij łopatki i napnij mięśnie pośladkowe. Unieś hantle na bok i lekko przed siebie (około 30 stopni przed siebie, tak aby ręce tworzyły ze sobą kąt rozwarty).',4),
 (97,'',' Wykroki ',14,4,'Zrób krok do przodu, nie pochylając przy tym tułowia. W tej pozycji udo przedniej nogi powinno być równoległe do podłoża. Kolano nigdy nie powinno wychodzić do przodu (ruch, w końcowej fazie odbywa się w dół). Ciężar ciała powinien znajdować się na przedniej pięcie (nigdy na palcach). Tylna noga jest lekko ugięta w kolanie. Kolano nie dotyka podłogi. Ekplozywnie wróć do pozycji wyjściowej (wykonaj jeden, szybki ruch).',4),
 (98,'piątek',' Wykroki ',12,3,'Zrób krok do przodu, nie pochylając przy tym tułowia. W tej pozycji udo przedniej nogi powinno być równoległe do podłoża. Kolano nigdy nie powinno wychodzić do przodu (ruch, w końcowej fazie odbywa się w dół). Ciężar ciała powinien znajdować się na przedniej pięcie (nigdy na palcach). Tylna noga jest lekko ugięta w kolanie. Kolano nie dotyka podłogi. Ekplozywnie wróć do pozycji wyjściowej (wykonaj jeden, szybki ruch).',4),
 (99,'',' Wykroki ',11,3,'Zrób krok do przodu, nie pochylając przy tym tułowia. W tej pozycji udo przedniej nogi powinno być równoległe do podłoża. Kolano nigdy nie powinno wychodzić do przodu (ruch, w końcowej fazie odbywa się w dół). Ciężar ciała powinien znajdować się na przedniej pięcie (nigdy na palcach). Tylna noga jest lekko ugięta w kolanie. Kolano nie dotyka podłogi. Ekplozywnie wróć do pozycji wyjściowej (wykonaj jeden, szybki ruch).',4),
 (100,'','Wyciskanie na ławce dodatniej',14,3,'Górną część klatki piersiowej możemy ćwiczeń ze sztangą lub ze sztangielkami. Bardzo dobrym ćwiczeniem, w szczególności na mięsnie stabilizujące klatki piersiowej, jest wyciskanie sztangielek na ławce dodatniej. To ćwiczenie angażuje część obojczykową mięśnia piersiowego większego oraz mięsień naramienny przedni, co pozwoli efektownie wspomóc inne ćwiczenia na klatkę piersiową. ',4),

 (101,'poniedziałek','Wyciskanie na ławce dodatniej',10,5,'Górną część klatki piersiowej możemy ćwiczeń ze sztangą lub ze sztangielkami. Bardzo dobrym ćwiczeniem, w szczególności na mięsnie stabilizujące klatki piersiowej, jest wyciskanie sztangielek na ławce dodatniej. To ćwiczenie angażuje część obojczykową mięśnia piersiowego większego oraz mięsień naramienny przedni, co pozwoli efektownie wspomóc inne ćwiczenia na klatkę piersiową. ',5),
 (102,'','Unoszenie ramion ze sztangielkami ',15,5,'Weź dwa hantle i trzymaj je wzdłuż tułowia. Ściągnij łopatki i napnij mięśnie pośladkowe. Unieś hantle na bok i lekko przed siebie (około 30 stopni przed siebie, tak aby ręce tworzyły ze sobą kąt rozwarty).',5),
 (103,'',' wyciskanie sztangi na ławce płaskiej ',11,4,'Połóż się tyłem na ławce. Złap sztangę naprawdę szerokim nachwytem. Zdejmij ją ze stojaków i opuść do klatki piersiowej, łokcie prowadząc szerzej niż w klasycznym wariancie. Zatrzymaj na sekundę ruch, a następnie wyciśnij ciężar do pozycji początkowej.',5),
 (104,'wtorek',' Podciąganie na drążku wąskim chwytem ',9,3,'Aby wykonać ruch ściągnięcia łopatek należy z uniesionymi rękoma w górze łopatkami napiąć brzuch i pośladki. Następnie poprzez ruch na wyprostowanej ręce, należy przyciągnąć łopatki do dołu i do siebie.',5),
 (105,'',' wyciskanie sztangi na ławce płaskiej ',10,3,'Połóż się tyłem na ławce. Złap sztangę naprawdę szerokim nachwytem. Zdejmij ją ze stojaków i opuść do klatki piersiowej, łokcie prowadząc szerzej niż w klasycznym wariancie. Zatrzymaj na sekundę ruch, a następnie wyciśnij ciężar do pozycji początkowej.',5),
 (106,'',' Wypychanie ciężaru na suwnicy',15,4,'Usiądź w siedzisku maszyny. Połóż stopy na platformie (powinny w całości do niej przylegać) mniej więcej na szerokość barków . Weź wdech, zwolnij blokadę ciężaru i rozpocznij wykonywanie ćwiczenia. W momencie, gdy nogi ugną się w kolanach pod kątem ok. 90 stopni zacznij wypychanie ciężaru, jednocześnie robiąc wydech.',5),
 (107,'','Wyciskanie na ławce dodatniej',15,4,'Górną część klatki piersiowej możemy ćwiczeń ze sztangą lub ze sztangielkami. Bardzo dobrym ćwiczeniem, w szczególności na mięsnie stabilizujące klatki piersiowej, jest wyciskanie sztangielek na ławce dodatniej. To ćwiczenie angażuje część obojczykową mięśnia piersiowego większego oraz mięsień naramienny przedni, co pozwoli efektownie wspomóc inne ćwiczenia na klatkę piersiową. ',5),
 (108,'',' Wykroki ',13,3,'Zrób krok do przodu, nie pochylając przy tym tułowia. W tej pozycji udo przedniej nogi powinno być równoległe do podłoża. Kolano nigdy nie powinno wychodzić do przodu (ruch, w końcowej fazie odbywa się w dół). Ciężar ciała powinien znajdować się na przedniej pięcie (nigdy na palcach). Tylna noga jest lekko ugięta w kolanie. Kolano nie dotyka podłogi. Ekplozywnie wróć do pozycji wyjściowej (wykonaj jeden, szybki ruch).',5),
 (109,'','Unoszenie ramion ze sztangielkami ',15,4,'Weź dwa hantle i trzymaj je wzdłuż tułowia. Ściągnij łopatki i napnij mięśnie pośladkowe. Unieś hantle na bok i lekko przed siebie (około 30 stopni przed siebie, tak aby ręce tworzyły ze sobą kąt rozwarty).',5),
 (110,'',' Wypychanie ciężaru na suwnicy',10,5,'Usiądź w siedzisku maszyny. Połóż stopy na platformie (powinny w całości do niej przylegać) mniej więcej na szerokość barków . Weź wdech, zwolnij blokadę ciężaru i rozpocznij wykonywanie ćwiczenia. W momencie, gdy nogi ugną się w kolanach pod kątem ok. 90 stopni zacznij wypychanie ciężaru, jednocześnie robiąc wydech.',5),
 (111,'','Wyciskanie na ławce dodatniej',12,5,'Górną część klatki piersiowej możemy ćwiczeń ze sztangą lub ze sztangielkami. Bardzo dobrym ćwiczeniem, w szczególności na mięsnie stabilizujące klatki piersiowej, jest wyciskanie sztangielek na ławce dodatniej. To ćwiczenie angażuje część obojczykową mięśnia piersiowego większego oraz mięsień naramienny przedni, co pozwoli efektownie wspomóc inne ćwiczenia na klatkę piersiową. ',5),
 (112,'','Wyciskanie na ławce dodatniej',8,4,'Górną część klatki piersiowej możemy ćwiczeń ze sztangą lub ze sztangielkami. Bardzo dobrym ćwiczeniem, w szczególności na mięsnie stabilizujące klatki piersiowej, jest wyciskanie sztangielek na ławce dodatniej. To ćwiczenie angażuje część obojczykową mięśnia piersiowego większego oraz mięsień naramienny przedni, co pozwoli efektownie wspomóc inne ćwiczenia na klatkę piersiową. ',5),
 (113,'',' wyciskanie na maszynie siedząc ',8,5,' Siedzimy na ławce maszyny tułów wyprostowany plecy oparte całą powierzchnią, stopy na platformie, dłonie na uchwytach, ręce mocno zgięte w łokciach. Wyciskanie ciężaru przez prostowanie rą',5),
 (114,'środa',' Wypychanie ciężaru na suwnicy',14,5,'Usiądź w siedzisku maszyny. Połóż stopy na platformie (powinny w całości do niej przylegać) mniej więcej na szerokość barków . Weź wdech, zwolnij blokadę ciężaru i rozpocznij wykonywanie ćwiczenia. W momencie, gdy nogi ugną się w kolanach pod kątem ok. 90 stopni zacznij wypychanie ciężaru, jednocześnie robiąc wydech.',5),
 (115,'',' Podciąganie na drążku wąskim chwytem ',12,3,'Aby wykonać ruch ściągnięcia łopatek należy z uniesionymi rękoma w górze łopatkami napiąć brzuch i pośladki. Następnie poprzez ruch na wyprostowanej ręce, należy przyciągnąć łopatki do dołu i do siebie.',5),
 (116,'',' Przysiady ze sztangą trzymaną z przodu ',14,5,'Stajemy w postawie wyprostowanej przed stojakiem ze sztangą. Wsuwamy tułów pod sztangę w taki sposób, aby gryf znalazł się w górnej strefie mięśni piersiowych i przedniej części mięśni naramiennych. Następnie unosimy łokcie wysoko do przodu (na tyle, aby ramiona znalazły się mniej więcej w pozycji równoległej do podłoża) i kładziemy skrzyżowane ręce na barkach lub nieco wężej, przytrzymując sztangę od góry. ',5),
 (117,'',' Wypychanie ciężaru na suwnicy',15,4,'Usiądź w siedzisku maszyny. Połóż stopy na platformie (powinny w całości do niej przylegać) mniej więcej na szerokość barków . Weź wdech, zwolnij blokadę ciężaru i rozpocznij wykonywanie ćwiczenia. W momencie, gdy nogi ugną się w kolanach pod kątem ok. 90 stopni zacznij wypychanie ciężaru, jednocześnie robiąc wydech.',5),
 (118,'czwartek',' Wykroki ',11,3,'Zrób krok do przodu, nie pochylając przy tym tułowia. W tej pozycji udo przedniej nogi powinno być równoległe do podłoża. Kolano nigdy nie powinno wychodzić do przodu (ruch, w końcowej fazie odbywa się w dół). Ciężar ciała powinien znajdować się na przedniej pięcie (nigdy na palcach). Tylna noga jest lekko ugięta w kolanie. Kolano nie dotyka podłogi. Ekplozywnie wróć do pozycji wyjściowej (wykonaj jeden, szybki ruch).',5),
 (119,'',' wyciskanie sztangi na ławce płaskiej ',15,5,'Połóż się tyłem na ławce. Złap sztangę naprawdę szerokim nachwytem. Zdejmij ją ze stojaków i opuść do klatki piersiowej, łokcie prowadząc szerzej niż w klasycznym wariancie. Zatrzymaj na sekundę ruch, a następnie wyciśnij ciężar do pozycji początkowej.',5),
 (120,'',' wyciskanie sztangi na ławce płaskiej ',11,3,'Połóż się tyłem na ławce. Złap sztangę naprawdę szerokim nachwytem. Zdejmij ją ze stojaków i opuść do klatki piersiowej, łokcie prowadząc szerzej niż w klasycznym wariancie. Zatrzymaj na sekundę ruch, a następnie wyciśnij ciężar do pozycji początkowej.',5),
 (121,'piątek','wiosłowanie sztangielką',9,5,'Wykonaj klęk podparty jednonóż na ławce poziomej. Druga noga oparta stabilnie o podłoże. Wolną ręką chwyć sztangielkę chwytem neutralnym. Wykonajując wdech rozpocznij ruch wiosłowania sztangielką. Łokieć prowadź blisko ciała. Zakończ ruch w momencie maksymalnego napięcia mięśni grzbietu, gdy łokieć nieznacznie znajdzie się powyżej poziomu równoległego do podłoża. Następnie wykonując powolny wydech wróć do pozycji wyjściowej.',5),
 (122,'',' Martwy ciąg ',15,4,'Do ciągu przystępujesz w obuwiu w twardej podeszwie (może być boso!), stajesz przed sztangą tak, aby po ugięciu nóg piszczele dotykały gryfu. Łapiesz nachwytem sztangę, ściągasz łopatki (stabilizacja kręgosłupa), wypinasz tyłek i wstajesz pionowo do góry. Unikaj kociego grzbietu. Kiedy sztanga osiągnie wysokość kolan, zaczynasz wychodzić biodrami do przodu.',5),
 (123,'',' Wykroki ',8,5,'Zrób krok do przodu, nie pochylając przy tym tułowia. W tej pozycji udo przedniej nogi powinno być równoległe do podłoża. Kolano nigdy nie powinno wychodzić do przodu (ruch, w końcowej fazie odbywa się w dół). Ciężar ciała powinien znajdować się na przedniej pięcie (nigdy na palcach). Tylna noga jest lekko ugięta w kolanie. Kolano nie dotyka podłogi. Ekplozywnie wróć do pozycji wyjściowej (wykonaj jeden, szybki ruch).',5),
 (124,'',' Martwy ciąg ',12,5,'Do ciągu przystępujesz w obuwiu w twardej podeszwie (może być boso!), stajesz przed sztangą tak, aby po ugięciu nóg piszczele dotykały gryfu. Łapiesz nachwytem sztangę, ściągasz łopatki (stabilizacja kręgosłupa), wypinasz tyłek i wstajesz pionowo do góry. Unikaj kociego grzbietu. Kiedy sztanga osiągnie wysokość kolan, zaczynasz wychodzić biodrami do przodu.',5),
 (125,'',' Podciąganie na drążku wąskim chwytem ',9,3,'Aby wykonać ruch ściągnięcia łopatek należy z uniesionymi rękoma w górze łopatkami napiąć brzuch i pośladki. Następnie poprzez ruch na wyprostowanej ręce, należy przyciągnąć łopatki do dołu i do siebie.',5),

 (126,'poniedziałek',' Wypychanie ciężaru na suwnicy',8,3,'Usiądź w siedzisku maszyny. Połóż stopy na platformie (powinny w całości do niej przylegać) mniej więcej na szerokość barków . Weź wdech, zwolnij blokadę ciężaru i rozpocznij wykonywanie ćwiczenia. W momencie, gdy nogi ugną się w kolanach pod kątem ok. 90 stopni zacznij wypychanie ciężaru, jednocześnie robiąc wydech.',6),
 (127,'',' Martwy ciąg ',9,5,'Do ciągu przystępujesz w obuwiu w twardej podeszwie (może być boso!), stajesz przed sztangą tak, aby po ugięciu nóg piszczele dotykały gryfu. Łapiesz nachwytem sztangę, ściągasz łopatki (stabilizacja kręgosłupa), wypinasz tyłek i wstajesz pionowo do góry. Unikaj kociego grzbietu. Kiedy sztanga osiągnie wysokość kolan, zaczynasz wychodzić biodrami do przodu.',6),
 (128,'',' Przysiady ze sztangą trzymaną z przodu ',10,4,'Stajemy w postawie wyprostowanej przed stojakiem ze sztangą. Wsuwamy tułów pod sztangę w taki sposób, aby gryf znalazł się w górnej strefie mięśni piersiowych i przedniej części mięśni naramiennych. Następnie unosimy łokcie wysoko do przodu (na tyle, aby ramiona znalazły się mniej więcej w pozycji równoległej do podłoża) i kładziemy skrzyżowane ręce na barkach lub nieco wężej, przytrzymując sztangę od góry. ',6),
 (129,'','Wyciskanie na ławce dodatniej',15,3,'Górną część klatki piersiowej możemy ćwiczeń ze sztangą lub ze sztangielkami. Bardzo dobrym ćwiczeniem, w szczególności na mięsnie stabilizujące klatki piersiowej, jest wyciskanie sztangielek na ławce dodatniej. To ćwiczenie angażuje część obojczykową mięśnia piersiowego większego oraz mięsień naramienny przedni, co pozwoli efektownie wspomóc inne ćwiczenia na klatkę piersiową. ',6),
 (130,'',' wyciskanie na maszynie siedząc ',9,3,' Siedzimy na ławce maszyny tułów wyprostowany plecy oparte całą powierzchnią, stopy na platformie, dłonie na uchwytach, ręce mocno zgięte w łokciach. Wyciskanie ciężaru przez prostowanie rą',6),
 (131,'wtorek',' Wypychanie ciężaru na suwnicy',8,5,'Usiądź w siedzisku maszyny. Połóż stopy na platformie (powinny w całości do niej przylegać) mniej więcej na szerokość barków . Weź wdech, zwolnij blokadę ciężaru i rozpocznij wykonywanie ćwiczenia. W momencie, gdy nogi ugną się w kolanach pod kątem ok. 90 stopni zacznij wypychanie ciężaru, jednocześnie robiąc wydech.',6),
 (132,'',' Przysiady ze sztangą trzymaną z przodu ',8,4,'Stajemy w postawie wyprostowanej przed stojakiem ze sztangą. Wsuwamy tułów pod sztangę w taki sposób, aby gryf znalazł się w górnej strefie mięśni piersiowych i przedniej części mięśni naramiennych. Następnie unosimy łokcie wysoko do przodu (na tyle, aby ramiona znalazły się mniej więcej w pozycji równoległej do podłoża) i kładziemy skrzyżowane ręce na barkach lub nieco wężej, przytrzymując sztangę od góry. ',6),
 (133,'','Podciąganie na drążku ',9,3,'Aby wykonać ruch ściągnięcia łopatek należy z uniesionymi rękoma w górze łopatkami napiąć brzuch i pośladki. Następnie poprzez ruch na wyprostowanej ręce, należy przyciągnąć łopatki do dołu i do siebie.',6),
 (134,'','Unoszenie ramion ze sztangielkami ',14,5,'Weź dwa hantle i trzymaj je wzdłuż tułowia. Ściągnij łopatki i napnij mięśnie pośladkowe. Unieś hantle na bok i lekko przed siebie (około 30 stopni przed siebie, tak aby ręce tworzyły ze sobą kąt rozwarty).',6),
 (135,'',' Martwy ciąg ',14,3,'Do ciągu przystępujesz w obuwiu w twardej podeszwie (może być boso!), stajesz przed sztangą tak, aby po ugięciu nóg piszczele dotykały gryfu. Łapiesz nachwytem sztangę, ściągasz łopatki (stabilizacja kręgosłupa), wypinasz tyłek i wstajesz pionowo do góry. Unikaj kociego grzbietu. Kiedy sztanga osiągnie wysokość kolan, zaczynasz wychodzić biodrami do przodu.',6),
 (136,'',' Przysiady ze sztangą trzymaną z przodu ',10,3,'Stajemy w postawie wyprostowanej przed stojakiem ze sztangą. Wsuwamy tułów pod sztangę w taki sposób, aby gryf znalazł się w górnej strefie mięśni piersiowych i przedniej części mięśni naramiennych. Następnie unosimy łokcie wysoko do przodu (na tyle, aby ramiona znalazły się mniej więcej w pozycji równoległej do podłoża) i kładziemy skrzyżowane ręce na barkach lub nieco wężej, przytrzymując sztangę od góry. ',6),
 (137,'','Wyciskanie na ławce dodatniej',8,5,'Górną część klatki piersiowej możemy ćwiczeń ze sztangą lub ze sztangielkami. Bardzo dobrym ćwiczeniem, w szczególności na mięsnie stabilizujące klatki piersiowej, jest wyciskanie sztangielek na ławce dodatniej. To ćwiczenie angażuje część obojczykową mięśnia piersiowego większego oraz mięsień naramienny przedni, co pozwoli efektownie wspomóc inne ćwiczenia na klatkę piersiową. ',6),
 (138,'','Wyciskanie na ławce dodatniej',11,3,'Górną część klatki piersiowej możemy ćwiczeń ze sztangą lub ze sztangielkami. Bardzo dobrym ćwiczeniem, w szczególności na mięsnie stabilizujące klatki piersiowej, jest wyciskanie sztangielek na ławce dodatniej. To ćwiczenie angażuje część obojczykową mięśnia piersiowego większego oraz mięsień naramienny przedni, co pozwoli efektownie wspomóc inne ćwiczenia na klatkę piersiową. ',6),
 (139,'środa','Unoszenie ramion ze sztangielkami ',8,5,'Weź dwa hantle i trzymaj je wzdłuż tułowia. Ściągnij łopatki i napnij mięśnie pośladkowe. Unieś hantle na bok i lekko przed siebie (około 30 stopni przed siebie, tak aby ręce tworzyły ze sobą kąt rozwarty).',6),
 (140,'',' Wypychanie ciężaru na suwnicy',9,5,'Usiądź w siedzisku maszyny. Połóż stopy na platformie (powinny w całości do niej przylegać) mniej więcej na szerokość barków . Weź wdech, zwolnij blokadę ciężaru i rozpocznij wykonywanie ćwiczenia. W momencie, gdy nogi ugną się w kolanach pod kątem ok. 90 stopni zacznij wypychanie ciężaru, jednocześnie robiąc wydech.',6),
 (141,'',' Przysiad bułgarski ',11,4,'Trzymaj hantle w obydwu dłoniach, z całkowicie rozciągniętymi ramionami po bokach tułowia i z wnętrzami dłoni skierowanymi do siebie. Trzymając stopy Opuść biodra do podłoża, aby tylne kolano znalazło się blisko podłoża. Zrób pauzę i wybij się z przedniej pięty, by wrócić do pozycji wyjściowej.',6),
 (142,'',' Martwy ciąg ',15,5,'Do ciągu przystępujesz w obuwiu w twardej podeszwie (może być boso!), stajesz przed sztangą tak, aby po ugięciu nóg piszczele dotykały gryfu. Łapiesz nachwytem sztangę, ściągasz łopatki (stabilizacja kręgosłupa), wypinasz tyłek i wstajesz pionowo do góry. Unikaj kociego grzbietu. Kiedy sztanga osiągnie wysokość kolan, zaczynasz wychodzić biodrami do przodu.',6),
 (143,'','wiosłowanie sztangielką',8,4,'Wykonaj klęk podparty jednonóż na ławce poziomej. Druga noga oparta stabilnie o podłoże. Wolną ręką chwyć sztangielkę chwytem neutralnym. Wykonajując wdech rozpocznij ruch wiosłowania sztangielką. Łokieć prowadź blisko ciała. Zakończ ruch w momencie maksymalnego napięcia mięśni grzbietu, gdy łokieć nieznacznie znajdzie się powyżej poziomu równoległego do podłoża. Następnie wykonując powolny wydech wróć do pozycji wyjściowej.',6),
 (144,'',' Martwy ciąg ',9,3,'Do ciągu przystępujesz w obuwiu w twardej podeszwie (może być boso!), stajesz przed sztangą tak, aby po ugięciu nóg piszczele dotykały gryfu. Łapiesz nachwytem sztangę, ściągasz łopatki (stabilizacja kręgosłupa), wypinasz tyłek i wstajesz pionowo do góry. Unikaj kociego grzbietu. Kiedy sztanga osiągnie wysokość kolan, zaczynasz wychodzić biodrami do przodu.',6),
 (145,'',' wyciskanie sztangi na ławce płaskiej ',9,3,'Połóż się tyłem na ławce. Złap sztangę naprawdę szerokim nachwytem. Zdejmij ją ze stojaków i opuść do klatki piersiowej, łokcie prowadząc szerzej niż w klasycznym wariancie. Zatrzymaj na sekundę ruch, a następnie wyciśnij ciężar do pozycji początkowej.',6),
 (146,'czwartek',' Martwy ciąg ',8,3,'Do ciągu przystępujesz w obuwiu w twardej podeszwie (może być boso!), stajesz przed sztangą tak, aby po ugięciu nóg piszczele dotykały gryfu. Łapiesz nachwytem sztangę, ściągasz łopatki (stabilizacja kręgosłupa), wypinasz tyłek i wstajesz pionowo do góry. Unikaj kociego grzbietu. Kiedy sztanga osiągnie wysokość kolan, zaczynasz wychodzić biodrami do przodu.',6),
 (147,'',' wyciskanie na maszynie siedząc ',8,3,' Siedzimy na ławce maszyny tułów wyprostowany plecy oparte całą powierzchnią, stopy na platformie, dłonie na uchwytach, ręce mocno zgięte w łokciach. Wyciskanie ciężaru przez prostowanie rą',6),
 (148,'', 'Przysiady ze sztangą trzymaną z przodu ',9,4,'Stajemy w postawie wyprostowanej przed stojakiem ze sztangą. Wsuwamy tułów pod sztangę w taki sposób, aby gryf znalazł się w górnej strefie mięśni piersiowych i przedniej części mięśni naramiennych. Następnie unosimy łokcie wysoko do przodu (na tyle, aby ramiona znalazły się mniej więcej w pozycji równoległej do podłoża) i kładziemy skrzyżowane ręce na barkach lub nieco wężej, przytrzymując sztangę od góry. ',6),
 (149,'piątek',' Przysiad bułgarski ',10,4,'Trzymaj hantle w obydwu dłoniach, z całkowicie rozciągniętymi ramionami po bokach tułowia i z wnętrzami dłoni skierowanymi do siebie. Trzymając stopy Opuść biodra do podłoża, aby tylne kolano znalazło się blisko podłoża. Zrób pauzę i wybij się z przedniej pięty, by wrócić do pozycji wyjściowej.',6),
 (150,'',' Podciąganie na drążku wąskim chwytem ',15,4,'Aby wykonać ruch ściągnięcia łopatek należy z uniesionymi rękoma w górze łopatkami napiąć brzuch i pośladki. Następnie poprzez ruch na wyprostowanej ręce, należy przyciągnąć łopatki do dołu i do siebie.',6),

 (151, 'poniedziałek',' Wypychanie ciężaru na suwnicy',10,5,'Usiądź w siedzisku maszyny. Połóż stopy na platformie (powinny w całości do niej przylegać) mniej więcej na szerokość barków . Weź wdech, zwolnij blokadę ciężaru i rozpocznij wykonywanie ćwiczenia. W momencie, gdy nogi ugną się w kolanach pod kątem ok. 90 stopni zacznij wypychanie ciężaru, jednocześnie robiąc wydech.',7),
 (152,'',' wyciskanie na maszynie siedząc ',8,3,' Siedzimy na ławce maszyny tułów wyprostowany plecy oparte całą powierzchnią, stopy na platformie, dłonie na uchwytach, ręce mocno zgięte w łokciach. Wyciskanie ciężaru przez prostowanie rą',7),
 (153,'',' Przysiad bułgarski ',8,3,'Trzymaj hantle w obydwu dłoniach, z całkowicie rozciągniętymi ramionami po bokach tułowia i z wnętrzami dłoni skierowanymi do siebie. Trzymając stopy Opuść biodra do podłoża, aby tylne kolano znalazło się blisko podłoża. Zrób pauzę i wybij się z przedniej pięty, by wrócić do pozycji wyjściowej.',7),
 (154,'',' Wypychanie ciężaru na suwnicy',10,4,'Usiądź w siedzisku maszyny. Połóż stopy na platformie (powinny w całości do niej przylegać) mniej więcej na szerokość barków . Weź wdech, zwolnij blokadę ciężaru i rozpocznij wykonywanie ćwiczenia. W momencie, gdy nogi ugną się w kolanach pod kątem ok. 90 stopni zacznij wypychanie ciężaru, jednocześnie robiąc wydech.',7),
 (155,'wtorek',' Przysiady ze sztangą trzymaną z przodu ',12,3,'Stajemy w postawie wyprostowanej przed stojakiem ze sztangą. Wsuwamy tułów pod sztangę w taki sposób, aby gryf znalazł się w górnej strefie mięśni piersiowych i przedniej części mięśni naramiennych. Następnie unosimy łokcie wysoko do przodu (na tyle, aby ramiona znalazły się mniej więcej w pozycji równoległej do podłoża) i kładziemy skrzyżowane ręce na barkach lub nieco wężej, przytrzymując sztangę od góry. ',7),
 (156,'','Unoszenie ramion ze sztangielkami ',12,3,'Weź dwa hantle i trzymaj je wzdłuż tułowia. Ściągnij łopatki i napnij mięśnie pośladkowe. Unieś hantle na bok i lekko przed siebie (około 30 stopni przed siebie, tak aby ręce tworzyły ze sobą kąt rozwarty).',7),
 (157,'','wiosłowanie sztangielką',10,3,'Wykonaj klęk podparty jednonóż na ławce poziomej. Druga noga oparta stabilnie o podłoże. Wolną ręką chwyć sztangielkę chwytem neutralnym. Wykonajując wdech rozpocznij ruch wiosłowania sztangielką. Łokieć prowadź blisko ciała. Zakończ ruch w momencie maksymalnego napięcia mięśni grzbietu, gdy łokieć nieznacznie znajdzie się powyżej poziomu równoległego do podłoża. Następnie wykonując powolny wydech wróć do pozycji wyjściowej.',7),
 (158,'',' wyciskanie sztangi na ławce płaskiej ',8,4,'Połóż się tyłem na ławce. Złap sztangę naprawdę szerokim nachwytem. Zdejmij ją ze stojaków i opuść do klatki piersiowej, łokcie prowadząc szerzej niż w klasycznym wariancie. Zatrzymaj na sekundę ruch, a następnie wyciśnij ciężar do pozycji początkowej.',7),
 (159,'','Unoszenie ramion ze sztangielkami ',12,5,'Weź dwa hantle i trzymaj je wzdłuż tułowia. Ściągnij łopatki i napnij mięśnie pośladkowe. Unieś hantle na bok i lekko przed siebie (około 30 stopni przed siebie, tak aby ręce tworzyły ze sobą kąt rozwarty).',7),
 (160,'','Podciąganie na drążku ',9,4,'Aby wykonać ruch ściągnięcia łopatek należy z uniesionymi rękoma w górze łopatkami napiąć brzuch i pośladki. Następnie poprzez ruch na wyprostowanej ręce, należy przyciągnąć łopatki do dołu i do siebie.',7),
 (161,'',' Podciąganie na drążku wąskim chwytem ',15,4,'Aby wykonać ruch ściągnięcia łopatek należy z uniesionymi rękoma w górze łopatkami napiąć brzuch i pośladki. Następnie poprzez ruch na wyprostowanej ręce, należy przyciągnąć łopatki do dołu i do siebie.',7),
 (162,'',' Martwy ciąg ',12,5,'Do ciągu przystępujesz w obuwiu w twardej podeszwie (może być boso!), stajesz przed sztangą tak, aby po ugięciu nóg piszczele dotykały gryfu. Łapiesz nachwytem sztangę, ściągasz łopatki (stabilizacja kręgosłupa), wypinasz tyłek i wstajesz pionowo do góry. Unikaj kociego grzbietu. Kiedy sztanga osiągnie wysokość kolan, zaczynasz wychodzić biodrami do przodu.',7),
 (163,'','Wyciskanie na ławce dodatniej',11,3,'Górną część klatki piersiowej możemy ćwiczeń ze sztangą lub ze sztangielkami. Bardzo dobrym ćwiczeniem, w szczególności na mięsnie stabilizujące klatki piersiowej, jest wyciskanie sztangielek na ławce dodatniej. To ćwiczenie angażuje część obojczykową mięśnia piersiowego większego oraz mięsień naramienny przedni, co pozwoli efektownie wspomóc inne ćwiczenia na klatkę piersiową. ',7),
 (164,'środa',' wyciskanie na maszynie siedząc ',15,5,' Siedzimy na ławce maszyny tułów wyprostowany plecy oparte całą powierzchnią, stopy na platformie, dłonie na uchwytach, ręce mocno zgięte w łokciach. Wyciskanie ciężaru przez prostowanie rą',7),
 (165,'', 'wyciskanie na maszynie siedząc ',12,4,' Siedzimy na ławce maszyny tułów wyprostowany plecy oparte całą powierzchnią, stopy na platformie, dłonie na uchwytach, ręce mocno zgięte w łokciach. Wyciskanie ciężaru przez prostowanie rą',7),
 (166,'',' Wypychanie ciężaru na suwnicy',11,5,'Usiądź w siedzisku maszyny. Połóż stopy na platformie (powinny w całości do niej przylegać) mniej więcej na szerokość barków . Weź wdech, zwolnij blokadę ciężaru i rozpocznij wykonywanie ćwiczenia. W momencie, gdy nogi ugną się w kolanach pod kątem ok. 90 stopni zacznij wypychanie ciężaru, jednocześnie robiąc wydech.',7),
 (167,'','wyciskanie na maszynie siedząc ',14,5,' Siedzimy na ławce maszyny tułów wyprostowany plecy oparte całą powierzchnią, stopy na platformie, dłonie na uchwytach, ręce mocno zgięte w łokciach. Wyciskanie ciężaru przez prostowanie rą',7),
 (168,'czwartek',' Wykroki ',14,4,'Zrób krok do przodu, nie pochylając przy tym tułowia. W tej pozycji udo przedniej nogi powinno być równoległe do podłoża. Kolano nigdy nie powinno wychodzić do przodu (ruch, w końcowej fazie odbywa się w dół). Ciężar ciała powinien znajdować się na przedniej pięcie (nigdy na palcach). Tylna noga jest lekko ugięta w kolanie. Kolano nie dotyka podłogi. Ekplozywnie wróć do pozycji wyjściowej (wykonaj jeden, szybki ruch).',7),
 (169,'','wiosłowanie sztangielką',11,4,'Wykonaj klęk podparty jednonóż na ławce poziomej. Druga noga oparta stabilnie o podłoże. Wolną ręką chwyć sztangielkę chwytem neutralnym. Wykonajując wdech rozpocznij ruch wiosłowania sztangielką. Łokieć prowadź blisko ciała. Zakończ ruch w momencie maksymalnego napięcia mięśni grzbietu, gdy łokieć nieznacznie znajdzie się powyżej poziomu równoległego do podłoża. Następnie wykonując powolny wydech wróć do pozycji wyjściowej.',7),
 (170,'',' Przysiad bułgarski ',13,5,'Trzymaj hantle w obydwu dłoniach, z całkowicie rozciągniętymi ramionami po bokach tułowia i z wnętrzami dłoni skierowanymi do siebie. Trzymając stopy Opuść biodra do podłoża, aby tylne kolano znalazło się blisko podłoża. Zrób pauzę i wybij się z przedniej pięty, by wrócić do pozycji wyjściowej.',7),

 (171,'poniedziałek',' Wykroki ',14,4,'Zrób krok do przodu, nie pochylając przy tym tułowia. W tej pozycji udo przedniej nogi powinno być równoległe do podłoża. Kolano nigdy nie powinno wychodzić do przodu (ruch, w końcowej fazie odbywa się w dół). Ciężar ciała powinien znajdować się na przedniej pięcie (nigdy na palcach). Tylna noga jest lekko ugięta w kolanie. Kolano nie dotyka podłogi. Ekplozywnie wróć do pozycji wyjściowej (wykonaj jeden, szybki ruch).',8),
 (172,'',' Przysiad bułgarski ',8,3,'Trzymaj hantle w obydwu dłoniach, z całkowicie rozciągniętymi ramionami po bokach tułowia i z wnętrzami dłoni skierowanymi do siebie. Trzymając stopy Opuść biodra do podłoża, aby tylne kolano znalazło się blisko podłoża. Zrób pauzę i wybij się z przedniej pięty, by wrócić do pozycji wyjściowej.',8),
 (173,'','Podciąganie na drążku ',8,4,'Aby wykonać ruch ściągnięcia łopatek należy z uniesionymi rękoma w górze łopatkami napiąć brzuch i pośladki. Następnie poprzez ruch na wyprostowanej ręce, należy przyciągnąć łopatki do dołu i do siebie.',8),
 (174,'','Unoszenie ramion ze sztangielkami ',14,3,'Weź dwa hantle i trzymaj je wzdłuż tułowia. Ściągnij łopatki i napnij mięśnie pośladkowe. Unieś hantle na bok i lekko przed siebie (około 30 stopni przed siebie, tak aby ręce tworzyły ze sobą kąt rozwarty).',8),
 (175,'wtorek','wiosłowanie sztangielką',8,3,'Wykonaj klęk podparty jednonóż na ławce poziomej. Druga noga oparta stabilnie o podłoże. Wolną ręką chwyć sztangielkę chwytem neutralnym. Wykonajując wdech rozpocznij ruch wiosłowania sztangielką. Łokieć prowadź blisko ciała. Zakończ ruch w momencie maksymalnego napięcia mięśni grzbietu, gdy łokieć nieznacznie znajdzie się powyżej poziomu równoległego do podłoża. Następnie wykonując powolny wydech wróć do pozycji wyjściowej.',8),
 (176,'',' Wykroki ',10,5,'Zrób krok do przodu, nie pochylając przy tym tułowia. W tej pozycji udo przedniej nogi powinno być równoległe do podłoża. Kolano nigdy nie powinno wychodzić do przodu (ruch, w końcowej fazie odbywa się w dół). Ciężar ciała powinien znajdować się na przedniej pięcie (nigdy na palcach). Tylna noga jest lekko ugięta w kolanie. Kolano nie dotyka podłogi. Ekplozywnie wróć do pozycji wyjściowej (wykonaj jeden, szybki ruch).',8),
 (177,'','wiosłowanie sztangielką',12,5,'Wykonaj klęk podparty jednonóż na ławce poziomej. Druga noga oparta stabilnie o podłoże. Wolną ręką chwyć sztangielkę chwytem neutralnym. Wykonajując wdech rozpocznij ruch wiosłowania sztangielką. Łokieć prowadź blisko ciała. Zakończ ruch w momencie maksymalnego napięcia mięśni grzbietu, gdy łokieć nieznacznie znajdzie się powyżej poziomu równoległego do podłoża. Następnie wykonując powolny wydech wróć do pozycji wyjściowej.',8),
 (178,'','Podciąganie na drążku ',10,5,'Aby wykonać ruch ściągnięcia łopatek należy z uniesionymi rękoma w górze łopatkami napiąć brzuch i pośladki. Następnie poprzez ruch na wyprostowanej ręce, należy przyciągnąć łopatki do dołu i do siebie.',8),
 (179,'','Unoszenie ramion ze sztangielkami ',10,3,'Weź dwa hantle i trzymaj je wzdłuż tułowia. Ściągnij łopatki i napnij mięśnie pośladkowe. Unieś hantle na bok i lekko przed siebie (około 30 stopni przed siebie, tak aby ręce tworzyły ze sobą kąt rozwarty).',8),
 (180,'',' wyciskanie na maszynie siedząc ',14,5,' Siedzimy na ławce maszyny tułów wyprostowany plecy oparte całą powierzchnią, stopy na platformie, dłonie na uchwytach, ręce mocno zgięte w łokciach. Wyciskanie ciężaru przez prostowanie rą',8),
 (181,'środa','Wyciskanie na ławce dodatniej',11,3,'Górną część klatki piersiowej możemy ćwiczeń ze sztangą lub ze sztangielkami. Bardzo dobrym ćwiczeniem, w szczególności na mięsnie stabilizujące klatki piersiowej, jest wyciskanie sztangielek na ławce dodatniej. To ćwiczenie angażuje część obojczykową mięśnia piersiowego większego oraz mięsień naramienny przedni, co pozwoli efektownie wspomóc inne ćwiczenia na klatkę piersiową. ',8),
 (182,'',' Wykroki ',8,3,'Zrób krok do przodu, nie pochylając przy tym tułowia. W tej pozycji udo przedniej nogi powinno być równoległe do podłoża. Kolano nigdy nie powinno wychodzić do przodu (ruch, w końcowej fazie odbywa się w dół). Ciężar ciała powinien znajdować się na przedniej pięcie (nigdy na palcach). Tylna noga jest lekko ugięta w kolanie. Kolano nie dotyka podłogi. Ekplozywnie wróć do pozycji wyjściowej (wykonaj jeden, szybki ruch).',8),
 (183,'',' wyciskanie sztangi na ławce płaskiej ',14,3,'Połóż się tyłem na ławce. Złap sztangę naprawdę szerokim nachwytem. Zdejmij ją ze stojaków i opuść do klatki piersiowej, łokcie prowadząc szerzej niż w klasycznym wariancie. Zatrzymaj na sekundę ruch, a następnie wyciśnij ciężar do pozycji początkowej.',8),
 (184,'',' Wypychanie ciężaru na suwnicy',10,3,'Usiądź w siedzisku maszyny. Połóż stopy na platformie (powinny w całości do niej przylegać) mniej więcej na szerokość barków . Weź wdech, zwolnij blokadę ciężaru i rozpocznij wykonywanie ćwiczenia. W momencie, gdy nogi ugną się w kolanach pod kątem ok. 90 stopni zacznij wypychanie ciężaru, jednocześnie robiąc wydech.',8),
 (185,'',' Martwy ciąg ',9,5,'Do ciągu przystępujesz w obuwiu w twardej podeszwie (może być boso!), stajesz przed sztangą tak, aby po ugięciu nóg piszczele dotykały gryfu. Łapiesz nachwytem sztangę, ściągasz łopatki (stabilizacja kręgosłupa), wypinasz tyłek i wstajesz pionowo do góry. Unikaj kociego grzbietu. Kiedy sztanga osiągnie wysokość kolan, zaczynasz wychodzić biodrami do przodu.',8),
 (186,'',' Wypychanie ciężaru na suwnicy',8,3,'Usiądź w siedzisku maszyny. Połóż stopy na platformie (powinny w całości do niej przylegać) mniej więcej na szerokość barków . Weź wdech, zwolnij blokadę ciężaru i rozpocznij wykonywanie ćwiczenia. W momencie, gdy nogi ugną się w kolanach pod kątem ok. 90 stopni zacznij wypychanie ciężaru, jednocześnie robiąc wydech.',8),
 (187,'czwartek','Podciąganie na drążku ',15,5,'Aby wykonać ruch ściągnięcia łopatek należy z uniesionymi rękoma w górze łopatkami napiąć brzuch i pośladki. Następnie poprzez ruch na wyprostowanej ręce, należy przyciągnąć łopatki do dołu i do siebie.',8),
 (188,'',' Podciąganie na drążku wąskim chwytem ',9,3,'Aby wykonać ruch ściągnięcia łopatek należy z uniesionymi rękoma w górze łopatkami napiąć brzuch i pośladki. Następnie poprzez ruch na wyprostowanej ręce, należy przyciągnąć łopatki do dołu i do siebie.',8),
 (189,'','Wyciskanie na ławce dodatniej',11,4,'Górną część klatki piersiowej możemy ćwiczeń ze sztangą lub ze sztangielkami. Bardzo dobrym ćwiczeniem, w szczególności na mięsnie stabilizujące klatki piersiowej, jest wyciskanie sztangielek na ławce dodatniej. To ćwiczenie angażuje część obojczykową mięśnia piersiowego większego oraz mięsień naramienny przedni, co pozwoli efektownie wspomóc inne ćwiczenia na klatkę piersiową.',8),
 (190,'',' Wypychanie ciężaru na suwnicy',12,5,'Usiądź w siedzisku maszyny. Połóż stopy na platformie (powinny w całości do niej przylegać) mniej więcej na szerokość barków . Weź wdech, zwolnij blokadę ciężaru i rozpocznij wykonywanie ćwiczenia. W momencie, gdy nogi ugną się w kolanach pod kątem ok. 90 stopni zacznij wypychanie ciężaru, jednocześnie robiąc wydech.',8),

 (191,'poniedziałek',' Przysiad bułgarski ',8,4,'Trzymaj hantle w obydwu dłoniach, z całkowicie rozciągniętymi ramionami po bokach tułowia i z wnętrzami dłoni skierowanymi do siebie. Trzymając stopy Opuść biodra do podłoża, aby tylne kolano znalazło się blisko podłoża. Zrób pauzę i wybij się z przedniej pięty, by wrócić do pozycji wyjściowej.',9),
 (192,'',' Przysiad bułgarski ',12,3,'Trzymaj hantle w obydwu dłoniach, z całkowicie rozciągniętymi ramionami po bokach tułowia i z wnętrzami dłoni skierowanymi do siebie. Trzymając stopy Opuść biodra do podłoża, aby tylne kolano znalazło się blisko podłoża. Zrób pauzę i wybij się z przedniej pięty, by wrócić do pozycji wyjściowej.',9),
 (193,'',' Martwy ciąg ',14,5,'Do ciągu przystępujesz w obuwiu w twardej podeszwie (może być boso!), stajesz przed sztangą tak, aby po ugięciu nóg piszczele dotykały gryfu. Łapiesz nachwytem sztangę, ściągasz łopatki (stabilizacja kręgosłupa), wypinasz tyłek i wstajesz pionowo do góry. Unikaj kociego grzbietu. Kiedy sztanga osiągnie wysokość kolan, zaczynasz wychodzić biodrami do przodu.',9),
 (194,'wtorek',' Martwy ciąg ',15,5,'Do ciągu przystępujesz w obuwiu w twardej podeszwie (może być boso!), stajesz przed sztangą tak, aby po ugięciu nóg piszczele dotykały gryfu. Łapiesz nachwytem sztangę, ściągasz łopatki (stabilizacja kręgosłupa), wypinasz tyłek i wstajesz pionowo do góry. Unikaj kociego grzbietu. Kiedy sztanga osiągnie wysokość kolan, zaczynasz wychodzić biodrami do przodu.',9),
 (195,'','wiosłowanie sztangielką',14,5,'Wykonaj klęk podparty jednonóż na ławce poziomej. Druga noga oparta stabilnie o podłoże. Wolną ręką chwyć sztangielkę chwytem neutralnym. Wykonajując wdech rozpocznij ruch wiosłowania sztangielką. Łokieć prowadź blisko ciała. Zakończ ruch w momencie maksymalnego napięcia mięśni grzbietu, gdy łokieć nieznacznie znajdzie się powyżej poziomu równoległego do podłoża. Następnie wykonując powolny wydech wróć do pozycji wyjściowej.',9),
 (196,'',' wyciskanie sztangi na ławce płaskiej ',12,3,'Połóż się tyłem na ławce. Złap sztangę naprawdę szerokim nachwytem. Zdejmij ją ze stojaków i opuść do klatki piersiowej, łokcie prowadząc szerzej niż w klasycznym wariancie. Zatrzymaj na sekundę ruch, a następnie wyciśnij ciężar do pozycji początkowej.',9),
 (197,'',' wyciskanie sztangi na ławce płaskiej ',8,5,'Połóż się tyłem na ławce. Złap sztangę naprawdę szerokim nachwytem. Zdejmij ją ze stojaków i opuść do klatki piersiowej, łokcie prowadząc szerzej niż w klasycznym wariancie. Zatrzymaj na sekundę ruch, a następnie wyciśnij ciężar do pozycji początkowej.',9),
 (198,'',' Wypychanie ciężaru na suwnicy',11,4,'Usiądź w siedzisku maszyny. Połóż stopy na platformie (powinny w całości do niej przylegać) mniej więcej na szerokość barków . Weź wdech, zwolnij blokadę ciężaru i rozpocznij wykonywanie ćwiczenia. W momencie, gdy nogi ugną się w kolanach pod kątem ok. 90 stopni zacznij wypychanie ciężaru, jednocześnie robiąc wydech.',9),
 (199,'',' Przysiad bułgarski ',10,3,'Trzymaj hantle w obydwu dłoniach, z całkowicie rozciągniętymi ramionami po bokach tułowia i z wnętrzami dłoni skierowanymi do siebie. Trzymając stopy Opuść biodra do podłoża, aby tylne kolano znalazło się blisko podłoża. Zrób pauzę i wybij się z przedniej pięty, by wrócić do pozycji wyjściowej.',9),
 (200,'',' Wypychanie ciężaru na suwnicy',15,4,'Usiądź w siedzisku maszyny. Połóż stopy na platformie (powinny w całości do niej przylegać) mniej więcej na szerokość barków . Weź wdech, zwolnij blokadę ciężaru i rozpocznij wykonywanie ćwiczenia. W momencie, gdy nogi ugną się w kolanach pod kątem ok. 90 stopni zacznij wypychanie ciężaru, jednocześnie robiąc wydech.',9),
 (201,'','Unoszenie ramion ze sztangielkami ',8,4,'Weź dwa hantle i trzymaj je wzdłuż tułowia. Ściągnij łopatki i napnij mięśnie pośladkowe. Unieś hantle na bok i lekko przed siebie (około 30 stopni przed siebie, tak aby ręce tworzyły ze sobą kąt rozwarty).',9),
 (202,'','Podciąganie na drążku ',12,5,'Aby wykonać ruch ściągnięcia łopatek należy z uniesionymi rękoma w górze łopatkami napiąć brzuch i pośladki. Następnie poprzez ruch na wyprostowanej ręce, należy przyciągnąć łopatki do dołu i do siebie.',9),
 (203,'',' Martwy ciąg ',12,4,'Do ciągu przystępujesz w obuwiu w twardej podeszwie (może być boso!), stajesz przed sztangą tak, aby po ugięciu nóg piszczele dotykały gryfu. Łapiesz nachwytem sztangę, ściągasz łopatki (stabilizacja kręgosłupa), wypinasz tyłek i wstajesz pionowo do góry. Unikaj kociego grzbietu. Kiedy sztanga osiągnie wysokość kolan, zaczynasz wychodzić biodrami do przodu.',9),
 (204,'środa',' Podciąganie na drążku wąskim chwytem ',12,3,'Aby wykonać ruch ściągnięcia łopatek należy z uniesionymi rękoma w górze łopatkami napiąć brzuch i pośladki. Następnie poprzez ruch na wyprostowanej ręce, należy przyciągnąć łopatki do dołu i do siebie.',9),
 (205,'',' Podciąganie na drążku wąskim chwytem ',11,4,'Aby wykonać ruch ściągnięcia łopatek należy z uniesionymi rękoma w górze łopatkami napiąć brzuch i pośladki. Następnie poprzez ruch na wyprostowanej ręce, należy przyciągnąć łopatki do dołu i do siebie.',9),
 (206,'',' Przysiad bułgarski ',9,3,'Trzymaj hantle w obydwu dłoniach, z całkowicie rozciągniętymi ramionami po bokach tułowia i z wnętrzami dłoni skierowanymi do siebie. Trzymając stopy Opuść biodra do podłoża, aby tylne kolano znalazło się blisko podłoża. Zrób pauzę i wybij się z przedniej pięty, by wrócić do pozycji wyjściowej.',9),
 (207,'czwartek',' wyciskanie sztangi na ławce płaskiej ',14,5,'Połóż się tyłem na ławce. Złap sztangę naprawdę szerokim nachwytem. Zdejmij ją ze stojaków i opuść do klatki piersiowej, łokcie prowadząc szerzej niż w klasycznym wariancie. Zatrzymaj na sekundę ruch, a następnie wyciśnij ciężar do pozycji początkowej.',9),
 (208,'',' wyciskanie sztangi na ławce płaskiej ',13,3,'Połóż się tyłem na ławce. Złap sztangę naprawdę szerokim nachwytem. Zdejmij ją ze stojaków i opuść do klatki piersiowej, łokcie prowadząc szerzej niż w klasycznym wariancie. Zatrzymaj na sekundę ruch, a następnie wyciśnij ciężar do pozycji początkowej.',9),
 (209,'',' wyciskanie sztangi na ławce płaskiej ',14,4,'Połóż się tyłem na ławce. Złap sztangę naprawdę szerokim nachwytem. Zdejmij ją ze stojaków i opuść do klatki piersiowej, łokcie prowadząc szerzej niż w klasycznym wariancie. Zatrzymaj na sekundę ruch, a następnie wyciśnij ciężar do pozycji początkowej.',9),
 (210,'',' Przysiady ze sztangą trzymaną z przodu ',15,5,'Stajemy w postawie wyprostowanej przed stojakiem ze sztangą. Wsuwamy tułów pod sztangę w taki sposób, aby gryf znalazł się w górnej strefie mięśni piersiowych i przedniej części mięśni naramiennych. Następnie unosimy łokcie wysoko do przodu (na tyle, aby ramiona znalazły się mniej więcej w pozycji równoległej do podłoża) i kładziemy skrzyżowane ręce na barkach lub nieco wężej, przytrzymując sztangę od góry. ',9),

 (211,'poniedziałek','Wyciskanie na ławce dodatniej',10,3,'Górną część klatki piersiowej możemy ćwiczeń ze sztangą lub ze sztangielkami. Bardzo dobrym ćwiczeniem, w szczególności na mięsnie stabilizujące klatki piersiowej, jest wyciskanie sztangielek na ławce dodatniej. To ćwiczenie angażuje część obojczykową mięśnia piersiowego większego oraz mięsień naramienny przedni, co pozwoli efektownie wspomóc inne ćwiczenia na klatkę piersiową. ',10),
 (212,'','wiosłowanie sztangielką',12,3,'Wykonaj klęk podparty jednonóż na ławce poziomej. Druga noga oparta stabilnie o podłoże. Wolną ręką chwyć sztangielkę chwytem neutralnym. Wykonajując wdech rozpocznij ruch wiosłowania sztangielką. Łokieć prowadź blisko ciała. Zakończ ruch w momencie maksymalnego napięcia mięśni grzbietu, gdy łokieć nieznacznie znajdzie się powyżej poziomu równoległego do podłoża. Następnie wykonując powolny wydech wróć do pozycji wyjściowej.',10),
 (213,'',' Wypychanie ciężaru na suwnicy',10,5,'Usiądź w siedzisku maszyny. Połóż stopy na platformie (powinny w całości do niej przylegać) mniej więcej na szerokość barków . Weź wdech, zwolnij blokadę ciężaru i rozpocznij wykonywanie ćwiczenia. W momencie, gdy nogi ugną się w kolanach pod kątem ok. 90 stopni zacznij wypychanie ciężaru, jednocześnie robiąc wydech.',10),
 (214,'',' Podciąganie na drążku wąskim chwytem ',14,5,'Aby wykonać ruch ściągnięcia łopatek należy z uniesionymi rękoma w górze łopatkami napiąć brzuch i pośladki. Następnie poprzez ruch na wyprostowanej ręce, należy przyciągnąć łopatki do dołu i do siebie.',10),
 (215,'wtorek',' Wykroki ',11,5,'Zrób krok do przodu, nie pochylając przy tym tułowia. W tej pozycji udo przedniej nogi powinno być równoległe do podłoża. Kolano nigdy nie powinno wychodzić do przodu (ruch, w końcowej fazie odbywa się w dół). Ciężar ciała powinien znajdować się na przedniej pięcie (nigdy na palcach). Tylna noga jest lekko ugięta w kolanie. Kolano nie dotyka podłogi. Ekplozywnie wróć do pozycji wyjściowej (wykonaj jeden, szybki ruch).',10),
 (216,'','Wyciskanie na ławce dodatniej',13,4,'Górną część klatki piersiowej możemy ćwiczeń ze sztangą lub ze sztangielkami. Bardzo dobrym ćwiczeniem, w szczególności na mięsnie stabilizujące klatki piersiowej, jest wyciskanie sztangielek na ławce dodatniej. To ćwiczenie angażuje część obojczykową mięśnia piersiowego większego oraz mięsień naramienny przedni, co pozwoli efektownie wspomóc inne ćwiczenia na klatkę piersiową. ',10),
 (217,'','Podciąganie na drążku ',10,4,'Aby wykonać ruch ściągnięcia łopatek należy z uniesionymi rękoma w górze łopatkami napiąć brzuch i pośladki. Następnie poprzez ruch na wyprostowanej ręce, należy przyciągnąć łopatki do dołu i do siebie.',10),
 (218,'',' wyciskanie sztangi na ławce płaskiej ',9,3,'Połóż się tyłem na ławce. Złap sztangę naprawdę szerokim nachwytem. Zdejmij ją ze stojaków i opuść do klatki piersiowej, łokcie prowadząc szerzej niż w klasycznym wariancie. Zatrzymaj na sekundę ruch, a następnie wyciśnij ciężar do pozycji początkowej.',10),
 (219,'',' Martwy ciąg ',9,5,'Do ciągu przystępujesz w obuwiu w twardej podeszwie (może być boso!), stajesz przed sztangą tak, aby po ugięciu nóg piszczele dotykały gryfu. Łapiesz nachwytem sztangę, ściągasz łopatki (stabilizacja kręgosłupa), wypinasz tyłek i wstajesz pionowo do góry. Unikaj kociego grzbietu. Kiedy sztanga osiągnie wysokość kolan, zaczynasz wychodzić biodrami do przodu.',10),
 (220,'',' Wypychanie ciężaru na suwnicy',9,3,'Usiądź w siedzisku maszyny. Połóż stopy na platformie (powinny w całości do niej przylegać) mniej więcej na szerokość barków . Weź wdech, zwolnij blokadę ciężaru i rozpocznij wykonywanie ćwiczenia. W momencie, gdy nogi ugną się w kolanach pod kątem ok. 90 stopni zacznij wypychanie ciężaru, jednocześnie robiąc wydech.',10),
 (221,'',' Wypychanie ciężaru na suwnicy',8,5,'Usiądź w siedzisku maszyny. Połóż stopy na platformie (powinny w całości do niej przylegać) mniej więcej na szerokość barków . Weź wdech, zwolnij blokadę ciężaru i rozpocznij wykonywanie ćwiczenia. W momencie, gdy nogi ugną się w kolanach pod kątem ok. 90 stopni zacznij wypychanie ciężaru, jednocześnie robiąc wydech.',10),
 (222,'','wiosłowanie sztangielką',15,5,'Wykonaj klęk podparty jednonóż na ławce poziomej. Druga noga oparta stabilnie o podłoże. Wolną ręką chwyć sztangielkę chwytem neutralnym. Wykonajując wdech rozpocznij ruch wiosłowania sztangielką. Łokieć prowadź blisko ciała. Zakończ ruch w momencie maksymalnego napięcia mięśni grzbietu, gdy łokieć nieznacznie znajdzie się powyżej poziomu równoległego do podłoża. Następnie wykonując powolny wydech wróć do pozycji wyjściowej.',10),
 (223,'środa',' wyciskanie sztangi na ławce płaskiej ',9,4,'Połóż się tyłem na ławce. Złap sztangę naprawdę szerokim nachwytem. Zdejmij ją ze stojaków i opuść do klatki piersiowej, łokcie prowadząc szerzej niż w klasycznym wariancie. Zatrzymaj na sekundę ruch, a następnie wyciśnij ciężar do pozycji początkowej.',10),
 (224,'',' wyciskanie na maszynie siedząc ',15,5,' Siedzimy na ławce maszyny tułów wyprostowany plecy oparte całą powierzchnią, stopy na platformie, dłonie na uchwytach, ręce mocno zgięte w łokciach. Wyciskanie ciężaru przez prostowanie rą',10),
 (225,'','wiosłowanie sztangielką',10,3,'Wykonaj klęk podparty jednonóż na ławce poziomej. Druga noga oparta stabilnie o podłoże. Wolną ręką chwyć sztangielkę chwytem neutralnym. Wykonajując wdech rozpocznij ruch wiosłowania sztangielką. Łokieć prowadź blisko ciała. Zakończ ruch w momencie maksymalnego napięcia mięśni grzbietu, gdy łokieć nieznacznie znajdzie się powyżej poziomu równoległego do podłoża. Następnie wykonując powolny wydech wróć do pozycji wyjściowej.',10),
 (226,'',' Przysiad bułgarski ',12,4,'Trzymaj hantle w obydwu dłoniach, z całkowicie rozciągniętymi ramionami po bokach tułowia i z wnętrzami dłoni skierowanymi do siebie. Trzymając stopy Opuść biodra do podłoża, aby tylne kolano znalazło się blisko podłoża. Zrób pauzę i wybij się z przedniej pięty, by wrócić do pozycji wyjściowej.',10),
 (227,'czwartek',' Wypychanie ciężaru na suwnicy',13,5,'Usiądź w siedzisku maszyny. Połóż stopy na platformie (powinny w całości do niej przylegać) mniej więcej na szerokość barków . Weź wdech, zwolnij blokadę ciężaru i rozpocznij wykonywanie ćwiczenia. W momencie, gdy nogi ugną się w kolanach pod kątem ok. 90 stopni zacznij wypychanie ciężaru, jednocześnie robiąc wydech.',10),
 (228,'',' wyciskanie na maszynie siedząc ',13,5,' Siedzimy na ławce maszyny tułów wyprostowany plecy oparte całą powierzchnią, stopy na platformie, dłonie na uchwytach, ręce mocno zgięte w łokciach. Wyciskanie ciężaru przez prostowanie rą',10),
 (229,'',' Wypychanie ciężaru na suwnicy',9,5,'Usiądź w siedzisku maszyny. Połóż stopy na platformie (powinny w całości do niej przylegać) mniej więcej na szerokość barków . Weź wdech, zwolnij blokadę ciężaru i rozpocznij wykonywanie ćwiczenia. W momencie, gdy nogi ugną się w kolanach pod kątem ok. 90 stopni zacznij wypychanie ciężaru, jednocześnie robiąc wydech.',10),
 (230,'',' Wypychanie ciężaru na suwnicy',14,4,'Usiądź w siedzisku maszyny. Połóż stopy na platformie (powinny w całości do niej przylegać) mniej więcej na szerokość barków . Weź wdech, zwolnij blokadę ciężaru i rozpocznij wykonywanie ćwiczenia. W momencie, gdy nogi ugną się w kolanach pod kątem ok. 90 stopni zacznij wypychanie ciężaru, jednocześnie robiąc wydech.',10),

(231,'poniedziałek','wiosłowanie sztangielką',12,5,'Jedną ręką (tą, którą nie ćwiczysz) i kolanem z tej samej strony oprzyj się o ławkę, zaś drugą ręką złap sztangielkę tak, aby dłoń była zwrócona palcami w kierunku ciała. Tułów powinien być prawie równoległy do podłoża. Weź wdech i rozpocznij ruch wiosłowania, poruszając łokciem przez cały czas blisko ciała.
Zakończ powtórzenie w momencie, gdy ręka znajdzie się w najwyższym punkcie, a następnie zrób wydech i powróć powoli kontrolując ciężar do pozycji wyjściowej.',11),
 (232,'',' Przysiady ze sztangą trzymaną z przodu ',15,4,'Stajemy w postawie wyprostowanej przed stojakiem ze sztangą. Wsuwamy tułów pod sztangę w taki sposób, aby gryf znalazł się w górnej strefie mięśni piersiowych i przedniej części mięśni naramiennych. Następnie unosimy łokcie wysoko do przodu (na tyle, aby ramiona znalazły się mniej więcej w pozycji równoległej do podłoża) i kładziemy skrzyżowane ręce na barkach lub nieco wężej, przytrzymując sztangę od góry. ',11),
 (233,'',' Wykroki ',12,5,'Zrób krok do przodu, nie pochylając przy tym tułowia. W tej pozycji udo przedniej nogi powinno być równoległe do podłoża. Kolano nigdy nie powinno wychodzić do przodu (ruch, w końcowej fazie odbywa się w dół). Ciężar ciała powinien znajdować się na przedniej pięcie (nigdy na palcach). Tylna noga jest lekko ugięta w kolanie. Kolano nie dotyka podłogi. Ekplozywnie wróć do pozycji wyjściowej (wykonaj jeden, szybki ruch).',11),
 (234,'',' Podciąganie na drążku wąskim chwytem ',14,5,'Aby wykonać ruch ściągnięcia łopatek należy z uniesionymi rękoma w górze łopatkami napiąć brzuch i pośladki. Następnie poprzez ruch na wyprostowanej ręce, należy przyciągnąć łopatki do dołu i do siebie.',11),
 (235,'',' Podciąganie na drążku wąskim chwytem ',8,5,'Aby wykonać ruch ściągnięcia łopatek należy z uniesionymi rękoma w górze łopatkami napiąć brzuch i pośladki. Następnie poprzez ruch na wyprostowanej ręce, należy przyciągnąć łopatki do dołu i do siebie.',11),
 (236,'wtorek','Podciąganie na drążku ',12,3,'Aby wykonać ruch ściągnięcia łopatek należy z uniesionymi rękoma w górze łopatkami napiąć brzuch i pośladki. Następnie poprzez ruch na wyprostowanej ręce, należy przyciągnąć łopatki do dołu i do siebie.',11),
 (237,'','Podciąganie na drążku ',13,4,'Aby wykonać ruch ściągnięcia łopatek należy z uniesionymi rękoma w górze łopatkami napiąć brzuch i pośladki. Następnie poprzez ruch na wyprostowanej ręce, należy przyciągnąć łopatki do dołu i do siebie.',11),
 (238,'',' wyciskanie na maszynie siedząc ',10,3,' Siedzimy na ławce maszyny tułów wyprostowany plecy oparte całą powierzchnią, stopy na platformie, dłonie na uchwytach, ręce mocno zgięte w łokciach. Wyciskanie ciężaru przez prostowanie rą',11),
 (239,'',' Martwy ciąg ',8,5,'Do ciągu przystępujesz w obuwiu w twardej podeszwie (może być boso!), stajesz przed sztangą tak, aby po ugięciu nóg piszczele dotykały gryfu. Łapiesz nachwytem sztangę, ściągasz łopatki (stabilizacja kręgosłupa), wypinasz tyłek i wstajesz pionowo do góry. Unikaj kociego grzbietu. Kiedy sztanga osiągnie wysokość kolan, zaczynasz wychodzić biodrami do przodu.',11),
 (240,'',' Podciąganie na drążku wąskim chwytem ',11,5,'Aby wykonać ruch ściągnięcia łopatek należy z uniesionymi rękoma w górze łopatkami napiąć brzuch i pośladki. Następnie poprzez ruch na wyprostowanej ręce, należy przyciągnąć łopatki do dołu i do siebie.',11),
 (241,'',' Przysiad bułgarski ',15,5,'Trzymaj hantle w obydwu dłoniach, z całkowicie rozciągniętymi ramionami po bokach tułowia i z wnętrzami dłoni skierowanymi do siebie. Trzymając stopy Opuść biodra do podłoża, aby tylne kolano znalazło się blisko podłoża. Zrób pauzę i wybij się z przedniej pięty, by wrócić do pozycji wyjściowej.',11),
 (242,'','Podciąganie na drążku ',12,5,'Aby wykonać ruch ściągnięcia łopatek należy z uniesionymi rękoma w górze łopatkami napiąć brzuch i pośladki. Następnie poprzez ruch na wyprostowanej ręce, należy przyciągnąć łopatki do dołu i do siebie.',11),
 (243,'środa','Podciąganie na drążku ',12,4,'Aby wykonać ruch ściągnięcia łopatek należy z uniesionymi rękoma w górze łopatkami napiąć brzuch i pośladki. Następnie poprzez ruch na wyprostowanej ręce, należy przyciągnąć łopatki do dołu i do siebie.',11),
 (244,'','Unoszenie ramion ze sztangielkami ',11,4,'Weź dwa hantle i trzymaj je wzdłuż tułowia. Ściągnij łopatki i napnij mięśnie pośladkowe. Unieś hantle na bok i lekko przed siebie (około 30 stopni przed siebie, tak aby ręce tworzyły ze sobą kąt rozwarty).',11),
 (245,'','Wyciskanie na ławce dodatniej',8,3,'Górną część klatki piersiowej możemy ćwiczeń ze sztangą lub ze sztangielkami. Bardzo dobrym ćwiczeniem, w szczególności na mięsnie stabilizujące klatki piersiowej, jest wyciskanie sztangielek na ławce dodatniej. To ćwiczenie angażuje część obojczykową mięśnia piersiowego większego oraz mięsień naramienny przedni, co pozwoli efektownie wspomóc inne ćwiczenia na klatkę piersiową. ',11),
 (246,'','Wyciskanie na ławce dodatniej',11,3,'Górną część klatki piersiowej możemy ćwiczeń ze sztangą lub ze sztangielkami. Bardzo dobrym ćwiczeniem, w szczególności na mięsnie stabilizujące klatki piersiowej, jest wyciskanie sztangielek na ławce dodatniej. To ćwiczenie angażuje część obojczykową mięśnia piersiowego większego oraz mięsień naramienny przedni, co pozwoli efektownie wspomóc inne ćwiczenia na klatkę piersiową. ',11),
 (247,'czwartek',' wyciskanie sztangi na ławce płaskiej ',12,5,'Połóż się tyłem na ławce. Złap sztangę naprawdę szerokim nachwytem. Zdejmij ją ze stojaków i opuść do klatki piersiowej, łokcie prowadząc szerzej niż w klasycznym wariancie. Zatrzymaj na sekundę ruch, a następnie wyciśnij ciężar do pozycji początkowej.',11),
 (248,'',' wyciskanie sztangi na ławce płaskiej ',14,5,'Połóż się tyłem na ławce. Złap sztangę naprawdę szerokim nachwytem. Zdejmij ją ze stojaków i opuść do klatki piersiowej, łokcie prowadząc szerzej niż w klasycznym wariancie. Zatrzymaj na sekundę ruch, a następnie wyciśnij ciężar do pozycji początkowej.',11),
 (249,'',' Wypychanie ciężaru na suwnicy',9,5,'Usiądź w siedzisku maszyny. Połóż stopy na platformie (powinny w całości do niej przylegać) mniej więcej na szerokość barków . Weź wdech, zwolnij blokadę ciężaru i rozpocznij wykonywanie ćwiczenia. W momencie, gdy nogi ugną się w kolanach pod kątem ok. 90 stopni zacznij wypychanie ciężaru, jednocześnie robiąc wydech.',11),
 (250,'','Unoszenie ramion ze sztangielkami ',12,5,'Weź dwa hantle i trzymaj je wzdłuż tułowia. Ściągnij łopatki i napnij mięśnie pośladkowe. Unieś hantle na bok i lekko przed siebie (około 30 stopni przed siebie, tak aby ręce tworzyły ze sobą kąt rozwarty).',11),
--
--
 (251,'poniedziałek',' Przysiady ze sztangą trzymaną z przodu ',13,4,'Stajemy w postawie wyprostowanej przed stojakiem ze sztangą. Wsuwamy tułów pod sztangę w taki sposób, aby gryf znalazł się w górnej strefie mięśni piersiowych i przedniej części mięśni naramiennych. Następnie unosimy łokcie wysoko do przodu (na tyle, aby ramiona znalazły się mniej więcej w pozycji równoległej do podłoża) i kładziemy skrzyżowane ręce na barkach lub nieco wężej, przytrzymując sztangę od góry. ',12),
 (252,'',' Podciąganie na drążku wąskim chwytem ',14,4,'Aby wykonać ruch ściągnięcia łopatek należy z uniesionymi rękoma w górze łopatkami napiąć brzuch i pośladki. Następnie poprzez ruch na wyprostowanej ręce, należy przyciągnąć łopatki do dołu i do siebie.',12),
 (253,'',' Podciąganie na drążku wąskim chwytem ',8,4,'Aby wykonać ruch ściągnięcia łopatek należy z uniesionymi rękoma w górze łopatkami napiąć brzuch i pośladki. Następnie poprzez ruch na wyprostowanej ręce, należy przyciągnąć łopatki do dołu i do siebie.',12),
 (254,'',' wyciskanie na maszynie siedząc ',15,5,' Siedzimy na ławce maszyny tułów wyprostowany plecy oparte całą powierzchnią, stopy na platformie, dłonie na uchwytach, ręce mocno zgięte w łokciach. Wyciskanie ciężaru przez prostowanie rą',12),
 (255,'',' Martwy ciąg ',9,4,'Do ciągu przystępujesz w obuwiu w twardej podeszwie (może być boso!), stajesz przed sztangą tak, aby po ugięciu nóg piszczele dotykały gryfu. Łapiesz nachwytem sztangę, ściągasz łopatki (stabilizacja kręgosłupa), wypinasz tyłek i wstajesz pionowo do góry. Unikaj kociego grzbietu. Kiedy sztanga osiągnie wysokość kolan, zaczynasz wychodzić biodrami do przodu.',12),
 (256,'','wiosłowanie sztangielką',13,4,'Wykonaj klęk podparty jednonóż na ławce poziomej. Druga noga oparta stabilnie o podłoże. Wolną ręką chwyć sztangielkę chwytem neutralnym. Wykonajując wdech rozpocznij ruch wiosłowania sztangielką. Łokieć prowadź blisko ciała. Zakończ ruch w momencie maksymalnego napięcia mięśni grzbietu, gdy łokieć nieznacznie znajdzie się powyżej poziomu równoległego do podłoża. Następnie wykonując powolny wydech wróć do pozycji wyjściowej.',12),
 (257,'wtorek',' Przysiad bułgarski ',9,3,'Trzymaj hantle w obydwu dłoniach, z całkowicie rozciągniętymi ramionami po bokach tułowia i z wnętrzami dłoni skierowanymi do siebie. Trzymając stopy Opuść biodra do podłoża, aby tylne kolano znalazło się blisko podłoża. Zrób pauzę i wybij się z przedniej pięty, by wrócić do pozycji wyjściowej.',12),
 (258,'',' Wykroki ',10,3,'Zrób krok do przodu, nie pochylając przy tym tułowia. W tej pozycji udo przedniej nogi powinno być równoległe do podłoża. Kolano nigdy nie powinno wychodzić do przodu (ruch, w końcowej fazie odbywa się w dół). Ciężar ciała powinien znajdować się na przedniej pięcie (nigdy na palcach). Tylna noga jest lekko ugięta w kolanie. Kolano nie dotyka podłogi. Ekplozywnie wróć do pozycji wyjściowej (wykonaj jeden, szybki ruch).',12),
 (259,'',' Wykroki ',9,4,'Zrób krok do przodu, nie pochylając przy tym tułowia. W tej pozycji udo przedniej nogi powinno być równoległe do podłoża. Kolano nigdy nie powinno wychodzić do przodu (ruch, w końcowej fazie odbywa się w dół). Ciężar ciała powinien znajdować się na przedniej pięcie (nigdy na palcach). Tylna noga jest lekko ugięta w kolanie. Kolano nie dotyka podłogi. Ekplozywnie wróć do pozycji wyjściowej (wykonaj jeden, szybki ruch).',12),
 (260,'','wiosłowanie sztangielką',14,5,'Wykonaj klęk podparty jednonóż na ławce poziomej. Druga noga oparta stabilnie o podłoże. Wolną ręką chwyć sztangielkę chwytem neutralnym. Wykonajując wdech rozpocznij ruch wiosłowania sztangielką. Łokieć prowadź blisko ciała. Zakończ ruch w momencie maksymalnego napięcia mięśni grzbietu, gdy łokieć nieznacznie znajdzie się powyżej poziomu równoległego do podłoża. Następnie wykonując powolny wydech wróć do pozycji wyjściowej.',12),
 (261,'','Podciąganie na drążku ',9,4,'Aby wykonać ruch ściągnięcia łopatek należy z uniesionymi rękoma w górze łopatkami napiąć brzuch i pośladki. Następnie poprzez ruch na wyprostowanej ręce, należy przyciągnąć łopatki do dołu i do siebie.',12),
 (262,'środa','Podciąganie na drążku ',11,4,'Aby wykonać ruch ściągnięcia łopatek należy z uniesionymi rękoma w górze łopatkami napiąć brzuch i pośladki. Następnie poprzez ruch na wyprostowanej ręce, należy przyciągnąć łopatki do dołu i do siebie.',12),
 (263,'',' Martwy ciąg ',11,3,'Do ciągu przystępujesz w obuwiu w twardej podeszwie (może być boso!), stajesz przed sztangą tak, aby po ugięciu nóg piszczele dotykały gryfu. Łapiesz nachwytem sztangę, ściągasz łopatki (stabilizacja kręgosłupa), wypinasz tyłek i wstajesz pionowo do góry. Unikaj kociego grzbietu. Kiedy sztanga osiągnie wysokość kolan, zaczynasz wychodzić biodrami do przodu.',12),
 (264,'',' Martwy ciąg ',15,3,'Do ciągu przystępujesz w obuwiu w twardej podeszwie (może być boso!), stajesz przed sztangą tak, aby po ugięciu nóg piszczele dotykały gryfu. Łapiesz nachwytem sztangę, ściągasz łopatki (stabilizacja kręgosłupa), wypinasz tyłek i wstajesz pionowo do góry. Unikaj kociego grzbietu. Kiedy sztanga osiągnie wysokość kolan, zaczynasz wychodzić biodrami do przodu.',12),
 (265,'','Wyciskanie na ławce dodatniej',8,3,'Górną część klatki piersiowej możemy ćwiczeń ze sztangą lub ze sztangielkami. Bardzo dobrym ćwiczeniem, w szczególności na mięsnie stabilizujące klatki piersiowej, jest wyciskanie sztangielek na ławce dodatniej. To ćwiczenie angażuje część obojczykową mięśnia piersiowego większego oraz mięsień naramienny przedni, co pozwoli efektownie wspomóc inne ćwiczenia na klatkę piersiową. ',12),
--
--
 (266,'poniedziałek',' Przysiad bułgarski ',11,5,'Trzymaj hantle w obydwu dłoniach, z całkowicie rozciągniętymi ramionami po bokach tułowia i z wnętrzami dłoni skierowanymi do siebie. Trzymając stopy Opuść biodra do podłoża, aby tylne kolano znalazło się blisko podłoża. Zrób pauzę i wybij się z przedniej pięty, by wrócić do pozycji wyjściowej.',13),
 (267,'',' Wypychanie ciężaru na suwnicy',14,4,'Usiądź w siedzisku maszyny. Połóż stopy na platformie (powinny w całości do niej przylegać) mniej więcej na szerokość barków . Weź wdech, zwolnij blokadę ciężaru i rozpocznij wykonywanie ćwiczenia. W momencie, gdy nogi ugną się w kolanach pod kątem ok. 90 stopni zacznij wypychanie ciężaru, jednocześnie robiąc wydech.',13),
 (268,'',' wyciskanie na maszynie siedząc ',9,3,' Siedzimy na ławce maszyny tułów wyprostowany plecy oparte całą powierzchnią, stopy na platformie, dłonie na uchwytach, ręce mocno zgięte w łokciach. Wyciskanie ciężaru przez prostowanie rą',13),
 (269,'',' Podciąganie na drążku wąskim chwytem ',15,3,'Aby wykonać ruch ściągnięcia łopatek należy z uniesionymi rękoma w górze łopatkami napiąć brzuch i pośladki. Następnie poprzez ruch na wyprostowanej ręce, należy przyciągnąć łopatki do dołu i do siebie.',13),
 (270,'','Wyciskanie na ławce dodatniej',13,5,'Górną część klatki piersiowej możemy ćwiczeń ze sztangą lub ze sztangielkami. Bardzo dobrym ćwiczeniem, w szczególności na mięsnie stabilizujące klatki piersiowej, jest wyciskanie sztangielek na ławce dodatniej. To ćwiczenie angażuje część obojczykową mięśnia piersiowego większego oraz mięsień naramienny przedni, co pozwoli efektownie wspomóc inne ćwiczenia na klatkę piersiową. ',13),
 (271,'wtorek',' Podciąganie na drążku wąskim chwytem ',12,3,'Aby wykonać ruch ściągnięcia łopatek należy z uniesionymi rękoma w górze łopatkami napiąć brzuch i pośladki. Następnie poprzez ruch na wyprostowanej ręce, należy przyciągnąć łopatki do dołu i do siebie.',13),
 (272,'',' Martwy ciąg ',14,5,'Do ciągu przystępujesz w obuwiu w twardej podeszwie (może być boso!), stajesz przed sztangą tak, aby po ugięciu nóg piszczele dotykały gryfu. Łapiesz nachwytem sztangę, ściągasz łopatki (stabilizacja kręgosłupa), wypinasz tyłek i wstajesz pionowo do góry. Unikaj kociego grzbietu. Kiedy sztanga osiągnie wysokość kolan, zaczynasz wychodzić biodrami do przodu.',13),
 (273,'',' Podciąganie na drążku wąskim chwytem ',12,4,'Aby wykonać ruch ściągnięcia łopatek należy z uniesionymi rękoma w górze łopatkami napiąć brzuch i pośladki. Następnie poprzez ruch na wyprostowanej ręce, należy przyciągnąć łopatki do dołu i do siebie.',13),
 (274,'','Podciąganie na drążku ',8,4,'Aby wykonać ruch ściągnięcia łopatek należy z uniesionymi rękoma w górze łopatkami napiąć brzuch i pośladki. Następnie poprzez ruch na wyprostowanej ręce, należy przyciągnąć łopatki do dołu i do siebie.',13),
 (275,'',' Przysiady ze sztangą trzymaną z przodu ',9,3,'Stajemy w postawie wyprostowanej przed stojakiem ze sztangą. Wsuwamy tułów pod sztangę w taki sposób, aby gryf znalazł się w górnej strefie mięśni piersiowych i przedniej części mięśni naramiennych. Następnie unosimy łokcie wysoko do przodu (na tyle, aby ramiona znalazły się mniej więcej w pozycji równoległej do podłoża) i kładziemy skrzyżowane ręce na barkach lub nieco wężej, przytrzymując sztangę od góry. ',13),
 (276,'','Wyciskanie na ławce dodatniej',15,5,'Górną część klatki piersiowej możemy ćwiczeń ze sztangą lub ze sztangielkami. Bardzo dobrym ćwiczeniem, w szczególności na mięsnie stabilizujące klatki piersiowej, jest wyciskanie sztangielek na ławce dodatniej. To ćwiczenie angażuje część obojczykową mięśnia piersiowego większego oraz mięsień naramienny przedni, co pozwoli efektownie wspomóc inne ćwiczenia na klatkę piersiową. ',13),
 (277,'środa','Wyciskanie na ławce dodatniej',8,5,'Górną część klatki piersiowej możemy ćwiczeń ze sztangą lub ze sztangielkami. Bardzo dobrym ćwiczeniem, w szczególności na mięsnie stabilizujące klatki piersiowej, jest wyciskanie sztangielek na ławce dodatniej. To ćwiczenie angażuje część obojczykową mięśnia piersiowego większego oraz mięsień naramienny przedni, co pozwoli efektownie wspomóc inne ćwiczenia na klatkę piersiową. ',13),
 (278,'',' wyciskanie sztangi na ławce płaskiej ',12,4,'Połóż się tyłem na ławce. Złap sztangę naprawdę szerokim nachwytem. Zdejmij ją ze stojaków i opuść do klatki piersiowej, łokcie prowadząc szerzej niż w klasycznym wariancie. Zatrzymaj na sekundę ruch, a następnie wyciśnij ciężar do pozycji początkowej.',13),
 (279,'','Podciąganie na drążku ',12,3,'Aby wykonać ruch ściągnięcia łopatek należy z uniesionymi rękoma w górze łopatkami napiąć brzuch i pośladki. Następnie poprzez ruch na wyprostowanej ręce, należy przyciągnąć łopatki do dołu i do siebie.',13),
 (280,'',' Przysiad bułgarski ',10,3,'Trzymaj hantle w obydwu dłoniach, z całkowicie rozciągniętymi ramionami po bokach tułowia i z wnętrzami dłoni skierowanymi do siebie. Trzymając stopy Opuść biodra do podłoża, aby tylne kolano znalazło się blisko podłoża. Zrób pauzę i wybij się z przedniej pięty, by wrócić do pozycji wyjściowej.',13),
--
 (281,'poniedziałek','Wyciskanie na ławce dodatniej',15,3,'Górną część klatki piersiowej możemy ćwiczeń ze sztangą lub ze sztangielkami. Bardzo dobrym ćwiczeniem, w szczególności na mięsnie stabilizujące klatki piersiowej, jest wyciskanie sztangielek na ławce dodatniej. To ćwiczenie angażuje część obojczykową mięśnia piersiowego większego oraz mięsień naramienny przedni, co pozwoli efektownie wspomóc inne ćwiczenia na klatkę piersiową. ',14),
 (282,'',' Przysiad bułgarski ',12,3,'Trzymaj hantle w obydwu dłoniach, z całkowicie rozciągniętymi ramionami po bokach tułowia i z wnętrzami dłoni skierowanymi do siebie. Trzymając stopy Opuść biodra do podłoża, aby tylne kolano znalazło się blisko podłoża. Zrób pauzę i wybij się z przedniej pięty, by wrócić do pozycji wyjściowej.',14),
 (283,'',' Podciąganie na drążku wąskim chwytem ',12,5,'Aby wykonać ruch ściągnięcia łopatek należy z uniesionymi rękoma w górze łopatkami napiąć brzuch i pośladki. Następnie poprzez ruch na wyprostowanej ręce, należy przyciągnąć łopatki do dołu i do siebie.',14),
 (284,'wtorek','Wyciskanie na ławce dodatniej',14,3,'Górną część klatki piersiowej możemy ćwiczeń ze sztangą lub ze sztangielkami. Bardzo dobrym ćwiczeniem, w szczególności na mięsnie stabilizujące klatki piersiowej, jest wyciskanie sztangielek na ławce dodatniej. To ćwiczenie angażuje część obojczykową mięśnia piersiowego większego oraz mięsień naramienny przedni, co pozwoli efektownie wspomóc inne ćwiczenia na klatkę piersiową. ',14),
 (285,'',' Wypychanie ciężaru na suwnicy',8,3,'Usiądź w siedzisku maszyny. Połóż stopy na platformie (powinny w całości do niej przylegać) mniej więcej na szerokość barków . Weź wdech, zwolnij blokadę ciężaru i rozpocznij wykonywanie ćwiczenia. W momencie, gdy nogi ugną się w kolanach pod kątem ok. 90 stopni zacznij wypychanie ciężaru, jednocześnie robiąc wydech.',14),
 (286,'',' wyciskanie sztangi na ławce płaskiej ',12,4,'Połóż się tyłem na ławce. Złap sztangę naprawdę szerokim nachwytem. Zdejmij ją ze stojaków i opuść do klatki piersiowej, łokcie prowadząc szerzej niż w klasycznym wariancie. Zatrzymaj na sekundę ruch, a następnie wyciśnij ciężar do pozycji początkowej.',14),
 (287,'','Podciąganie na drążku ',12,4,'Aby wykonać ruch ściągnięcia łopatek należy z uniesionymi rękoma w górze łopatkami napiąć brzuch i pośladki. Następnie poprzez ruch na wyprostowanej ręce, należy przyciągnąć łopatki do dołu i do siebie.',14),
 (288,'','Wyciskanie na ławce dodatniej',13,4,'Górną część klatki piersiowej możemy ćwiczeń ze sztangą lub ze sztangielkami. Bardzo dobrym ćwiczeniem, w szczególności na mięsnie stabilizujące klatki piersiowej, jest wyciskanie sztangielek na ławce dodatniej. To ćwiczenie angażuje część obojczykową mięśnia piersiowego większego oraz mięsień naramienny przedni, co pozwoli efektownie wspomóc inne ćwiczenia na klatkę piersiową. ',14),
 (289,'',' Wykroki ',11,4,'Zrób krok do przodu, nie pochylając przy tym tułowia. W tej pozycji udo przedniej nogi powinno być równoległe do podłoża. Kolano nigdy nie powinno wychodzić do przodu (ruch, w końcowej fazie odbywa się w dół). Ciężar ciała powinien znajdować się na przedniej pięcie (nigdy na palcach). Tylna noga jest lekko ugięta w kolanie. Kolano nie dotyka podłogi. Ekplozywnie wróć do pozycji wyjściowej (wykonaj jeden, szybki ruch).',14),
 (290,'','Unoszenie ramion ze sztangielkami ',10,4,'Weź dwa hantle i trzymaj je wzdłuż tułowia. Ściągnij łopatki i napnij mięśnie pośladkowe. Unieś hantle na bok i lekko przed siebie (około 30 stopni przed siebie, tak aby ręce tworzyły ze sobą kąt rozwarty).',14),
 (291,'',' Wypychanie ciężaru na suwnicy',8,3,'Usiądź w siedzisku maszyny. Połóż stopy na platformie (powinny w całości do niej przylegać) mniej więcej na szerokość barków . Weź wdech, zwolnij blokadę ciężaru i rozpocznij wykonywanie ćwiczenia. W momencie, gdy nogi ugną się w kolanach pod kątem ok. 90 stopni zacznij wypychanie ciężaru, jednocześnie robiąc wydech.',14),
 (292,'środa',' Wykroki ',14,4,'Zrób krok do przodu, nie pochylając przy tym tułowia. W tej pozycji udo przedniej nogi powinno być równoległe do podłoża. Kolano nigdy nie powinno wychodzić do przodu (ruch, w końcowej fazie odbywa się w dół). Ciężar ciała powinien znajdować się na przedniej pięcie (nigdy na palcach). Tylna noga jest lekko ugięta w kolanie. Kolano nie dotyka podłogi. Ekplozywnie wróć do pozycji wyjściowej (wykonaj jeden, szybki ruch).',14),
 (293,'',' Wypychanie ciężaru na suwnicy',10,4,'Usiądź w siedzisku maszyny. Połóż stopy na platformie (powinny w całości do niej przylegać) mniej więcej na szerokość barków . Weź wdech, zwolnij blokadę ciężaru i rozpocznij wykonywanie ćwiczenia. W momencie, gdy nogi ugną się w kolanach pod kątem ok. 90 stopni zacznij wypychanie ciężaru, jednocześnie robiąc wydech.',14),
 (294,'',' Wypychanie ciężaru na suwnicy',15,3,'Usiądź w siedzisku maszyny. Połóż stopy na platformie (powinny w całości do niej przylegać) mniej więcej na szerokość barków . Weź wdech, zwolnij blokadę ciężaru i rozpocznij wykonywanie ćwiczenia. W momencie, gdy nogi ugną się w kolanach pod kątem ok. 90 stopni zacznij wypychanie ciężaru, jednocześnie robiąc wydech.',14),
 (295,'','Wyciskanie na ławce dodatniej',12,5,'Górną część klatki piersiowej możemy ćwiczeń ze sztangą lub ze sztangielkami. Bardzo dobrym ćwiczeniem, w szczególności na mięsnie stabilizujące klatki piersiowej, jest wyciskanie sztangielek na ławce dodatniej. To ćwiczenie angażuje część obojczykową mięśnia piersiowego większego oraz mięsień naramienny przedni, co pozwoli efektownie wspomóc inne ćwiczenia na klatkę piersiową. ',14),
--
 (296,'poniedziałek',' wyciskanie sztangi na ławce płaskiej ',8,5,'Połóż się tyłem na ławce. Złap sztangę naprawdę szerokim nachwytem. Zdejmij ją ze stojaków i opuść do klatki piersiowej, łokcie prowadząc szerzej niż w klasycznym wariancie. Zatrzymaj na sekundę ruch, a następnie wyciśnij ciężar do pozycji początkowej.',15),
 (297,'','wiosłowanie sztangielką',8,5,'Wykonaj klęk podparty jednonóż na ławce poziomej. Druga noga oparta stabilnie o podłoże. Wolną ręką chwyć sztangielkę chwytem neutralnym. Wykonajując wdech rozpocznij ruch wiosłowania sztangielką. Łokieć prowadź blisko ciała. Zakończ ruch w momencie maksymalnego napięcia mięśni grzbietu, gdy łokieć nieznacznie znajdzie się powyżej poziomu równoległego do podłoża. Następnie wykonując powolny wydech wróć do pozycji wyjściowej.',15),
 (298,'wtorek',' Podciąganie na drążku wąskim chwytem ',15,5,'Aby wykonać ruch ściągnięcia łopatek należy z uniesionymi rękoma w górze łopatkami napiąć brzuch i pośladki. Następnie poprzez ruch na wyprostowanej ręce, należy przyciągnąć łopatki do dołu i do siebie.',15),
 (299,'',' Przysiad bułgarski ',11,5,'Trzymaj hantle w obydwu dłoniach, z całkowicie rozciągniętymi ramionami po bokach tułowia i z wnętrzami dłoni skierowanymi do siebie. Trzymając stopy Opuść biodra do podłoża, aby tylne kolano znalazło się blisko podłoża. Zrób pauzę i wybij się z przedniej pięty, by wrócić do pozycji wyjściowej.',15),
 (300,'','Podciąganie na drążku ',8,4,'Aby wykonać ruch ściągnięcia łopatek należy z uniesionymi rękoma w górze łopatkami napiąć brzuch i pośladki. Następnie poprzez ruch na wyprostowanej ręce, należy przyciągnąć łopatki do dołu i do siebie.',15),
 (301,'',' wyciskanie na maszynie siedząc ',10,3,' Siedzimy na ławce maszyny tułów wyprostowany plecy oparte całą powierzchnią, stopy na platformie, dłonie na uchwytach, ręce mocno zgięte w łokciach. Wyciskanie ciężaru przez prostowanie rą',15),
 (302,'','Unoszenie ramion ze sztangielkami ',11,4,'Weź dwa hantle i trzymaj je wzdłuż tułowia. Ściągnij łopatki i napnij mięśnie pośladkowe. Unieś hantle na bok i lekko przed siebie (około 30 stopni przed siebie, tak aby ręce tworzyły ze sobą kąt rozwarty).',15),
 (303,'',' Podciąganie na drążku wąskim chwytem ',10,5,'Aby wykonać ruch ściągnięcia łopatek należy z uniesionymi rękoma w górze łopatkami napiąć brzuch i pośladki. Następnie poprzez ruch na wyprostowanej ręce, należy przyciągnąć łopatki do dołu i do siebie.',15),
 (304,'',' Martwy ciąg ',9,3,'Do ciągu przystępujesz w obuwiu w twardej podeszwie (może być boso!), stajesz przed sztangą tak, aby po ugięciu nóg piszczele dotykały gryfu. Łapiesz nachwytem sztangę, ściągasz łopatki (stabilizacja kręgosłupa), wypinasz tyłek i wstajesz pionowo do góry. Unikaj kociego grzbietu. Kiedy sztanga osiągnie wysokość kolan, zaczynasz wychodzić biodrami do przodu.',15),
 (305,'','Wyciskanie na ławce dodatniej',13,5,'Górną część klatki piersiowej możemy ćwiczeń ze sztangą lub ze sztangielkami. Bardzo dobrym ćwiczeniem, w szczególności na mięsnie stabilizujące klatki piersiowej, jest wyciskanie sztangielek na ławce dodatniej. To ćwiczenie angażuje część obojczykową mięśnia piersiowego większego oraz mięsień naramienny przedni, co pozwoli efektownie wspomóc inne ćwiczenia na klatkę piersiową. ',15),
 (306,'środa',' Martwy ciąg ',11,5,'Do ciągu przystępujesz w obuwiu w twardej podeszwie (może być boso!), stajesz przed sztangą tak, aby po ugięciu nóg piszczele dotykały gryfu. Łapiesz nachwytem sztangę, ściągasz łopatki (stabilizacja kręgosłupa), wypinasz tyłek i wstajesz pionowo do góry. Unikaj kociego grzbietu. Kiedy sztanga osiągnie wysokość kolan, zaczynasz wychodzić biodrami do przodu.',15),
 (307,'',' Wypychanie ciężaru na suwnicy',11,5,'Usiądź w siedzisku maszyny. Połóż stopy na platformie (powinny w całości do niej przylegać) mniej więcej na szerokość barków . Weź wdech, zwolnij blokadę ciężaru i rozpocznij wykonywanie ćwiczenia. W momencie, gdy nogi ugną się w kolanach pod kątem ok. 90 stopni zacznij wypychanie ciężaru, jednocześnie robiąc wydech.',15),
 (308,'',' Wykroki ',15,4,'Zrób krok do przodu, nie pochylając przy tym tułowia. W tej pozycji udo przedniej nogi powinno być równoległe do podłoża. Kolano nigdy nie powinno wychodzić do przodu (ruch, w końcowej fazie odbywa się w dół). Ciężar ciała powinien znajdować się na przedniej pięcie (nigdy na palcach). Tylna noga jest lekko ugięta w kolanie. Kolano nie dotyka podłogi. Ekplozywnie wróć do pozycji wyjściowej (wykonaj jeden, szybki ruch).',15),
 (309,'',' Przysiad bułgarski ',11,3,'Trzymaj hantle w obydwu dłoniach, z całkowicie rozciągniętymi ramionami po bokach tułowia i z wnętrzami dłoni skierowanymi do siebie. Trzymając stopy Opuść biodra do podłoża, aby tylne kolano znalazło się blisko podłoża. Zrób pauzę i wybij się z przedniej pięty, by wrócić do pozycji wyjściowej.',15),
 (310,'',' Podciąganie na drążku wąskim chwytem ',12,5,'Aby wykonać ruch ściągnięcia łopatek należy z uniesionymi rękoma w górze łopatkami napiąć brzuch i pośladki. Następnie poprzez ruch na wyprostowanej ręce, należy przyciągnąć łopatki do dołu i do siebie.',15),
--
 (311,'poniedziałek',' Wypychanie ciężaru na suwnicy',12,5,'Usiądź w siedzisku maszyny. Połóż stopy na platformie (powinny w całości do niej przylegać) mniej więcej na szerokość barków . Weź wdech, zwolnij blokadę ciężaru i rozpocznij wykonywanie ćwiczenia. W momencie, gdy nogi ugną się w kolanach pod kątem ok. 90 stopni zacznij wypychanie ciężaru, jednocześnie robiąc wydech.',16),
 (312,'','Unoszenie ramion ze sztangielkami ',9,3,'Weź dwa hantle i trzymaj je wzdłuż tułowia. Ściągnij łopatki i napnij mięśnie pośladkowe. Unieś hantle na bok i lekko przed siebie (około 30 stopni przed siebie, tak aby ręce tworzyły ze sobą kąt rozwarty).',16),
 (313,'wtorek',' wyciskanie na maszynie siedząc ',8,3,' Siedzimy na ławce maszyny tułów wyprostowany plecy oparte całą powierzchnią, stopy na platformie, dłonie na uchwytach, ręce mocno zgięte w łokciach. Wyciskanie ciężaru przez prostowanie rą',16),
 (314,'','wiosłowanie sztangielką',12,5,'Wykonaj klęk podparty jednonóż na ławce poziomej. Druga noga oparta stabilnie o podłoże. Wolną ręką chwyć sztangielkę chwytem neutralnym. Wykonajując wdech rozpocznij ruch wiosłowania sztangielką. Łokieć prowadź blisko ciała. Zakończ ruch w momencie maksymalnego napięcia mięśni grzbietu, gdy łokieć nieznacznie znajdzie się powyżej poziomu równoległego do podłoża. Następnie wykonując powolny wydech wróć do pozycji wyjściowej.',16),
 (315,'','wiosłowanie sztangielką',12,5,'Wykonaj klęk podparty jednonóż na ławce poziomej. Druga noga oparta stabilnie o podłoże. Wolną ręką chwyć sztangielkę chwytem neutralnym. Wykonajując wdech rozpocznij ruch wiosłowania sztangielką. Łokieć prowadź blisko ciała. Zakończ ruch w momencie maksymalnego napięcia mięśni grzbietu, gdy łokieć nieznacznie znajdzie się powyżej poziomu równoległego do podłoża. Następnie wykonując powolny wydech wróć do pozycji wyjściowej.',16),
 (316,'','Podciąganie na drążku ',12,3,'Aby wykonać ruch ściągnięcia łopatek należy z uniesionymi rękoma w górze łopatkami napiąć brzuch i pośladki. Następnie poprzez ruch na wyprostowanej ręce, należy przyciągnąć łopatki do dołu i do siebie.',16),
 (317,'',' Wykroki ',15,3,'Zrób krok do przodu, nie pochylając przy tym tułowia. W tej pozycji udo przedniej nogi powinno być równoległe do podłoża. Kolano nigdy nie powinno wychodzić do przodu (ruch, w końcowej fazie odbywa się w dół). Ciężar ciała powinien znajdować się na przedniej pięcie (nigdy na palcach). Tylna noga jest lekko ugięta w kolanie. Kolano nie dotyka podłogi. Ekplozywnie wróć do pozycji wyjściowej (wykonaj jeden, szybki ruch).',16),
 (318,'','Wyciskanie na ławce dodatniej',9,3,'Górną część klatki piersiowej możemy ćwiczeń ze sztangą lub ze sztangielkami. Bardzo dobrym ćwiczeniem, w szczególności na mięsnie stabilizujące klatki piersiowej, jest wyciskanie sztangielek na ławce dodatniej. To ćwiczenie angażuje część obojczykową mięśnia piersiowego większego oraz mięsień naramienny przedni, co pozwoli efektownie wspomóc inne ćwiczenia na klatkę piersiową. ',16),
 (319,'',' Wykroki ',11,5,'Zrób krok do przodu, nie pochylając przy tym tułowia. W tej pozycji udo przedniej nogi powinno być równoległe do podłoża. Kolano nigdy nie powinno wychodzić do przodu (ruch, w końcowej fazie odbywa się w dół). Ciężar ciała powinien znajdować się na przedniej pięcie (nigdy na palcach). Tylna noga jest lekko ugięta w kolanie. Kolano nie dotyka podłogi. Ekplozywnie wróć do pozycji wyjściowej (wykonaj jeden, szybki ruch).',16),
 (320,'środa','Wyciskanie na ławce dodatniej',13,5,'Górną część klatki piersiowej możemy ćwiczeń ze sztangą lub ze sztangielkami. Bardzo dobrym ćwiczeniem, w szczególności na mięsnie stabilizujące klatki piersiowej, jest wyciskanie sztangielek na ławce dodatniej. To ćwiczenie angażuje część obojczykową mięśnia piersiowego większego oraz mięsień naramienny przedni, co pozwoli efektownie wspomóc inne ćwiczenia na klatkę piersiową. ',16),
 (321,'',' wyciskanie sztangi na ławce płaskiej ',15,3,'Połóż się tyłem na ławce. Złap sztangę naprawdę szerokim nachwytem. Zdejmij ją ze stojaków i opuść do klatki piersiowej, łokcie prowadząc szerzej niż w klasycznym wariancie. Zatrzymaj na sekundę ruch, a następnie wyciśnij ciężar do pozycji początkowej.',16),
 (322,'','Wyciskanie na ławce dodatniej',11,3,'Górną część klatki piersiowej możemy ćwiczeń ze sztangą lub ze sztangielkami. Bardzo dobrym ćwiczeniem, w szczególności na mięsnie stabilizujące klatki piersiowej, jest wyciskanie sztangielek na ławce dodatniej. To ćwiczenie angażuje część obojczykową mięśnia piersiowego większego oraz mięsień naramienny przedni, co pozwoli efektownie wspomóc inne ćwiczenia na klatkę piersiową. ',16),
 (323,'',' Przysiad bułgarski ',14,4,'Trzymaj hantle w obydwu dłoniach, z całkowicie rozciągniętymi ramionami po bokach tułowia i z wnętrzami dłoni skierowanymi do siebie. Trzymając stopy Opuść biodra do podłoża, aby tylne kolano znalazło się blisko podłoża. Zrób pauzę i wybij się z przedniej pięty, by wrócić do pozycji wyjściowej.',16),
 (324,'','Wyciskanie na ławce dodatniej',8,4,'Górną część klatki piersiowej możemy ćwiczeń ze sztangą lub ze sztangielkami. Bardzo dobrym ćwiczeniem, w szczególności na mięsnie stabilizujące klatki piersiowej, jest wyciskanie sztangielek na ławce dodatniej. To ćwiczenie angażuje część obojczykową mięśnia piersiowego większego oraz mięsień naramienny przedni, co pozwoli efektownie wspomóc inne ćwiczenia na klatkę piersiową. ',16),
 (325,'',' Przysiad bułgarski ',15,5,'Trzymaj hantle w obydwu dłoniach, z całkowicie rozciągniętymi ramionami po bokach tułowia i z wnętrzami dłoni skierowanymi do siebie. Trzymając stopy Opuść biodra do podłoża, aby tylne kolano znalazło się blisko podłoża. Zrób pauzę i wybij się z przedniej pięty, by wrócić do pozycji wyjściowej.',16),
--
 (326,'poniedziałek',' Wypychanie ciężaru na suwnicy',11,5,'Usiądź w siedzisku maszyny. Połóż stopy na platformie (powinny w całości do niej przylegać) mniej więcej na szerokość barków . Weź wdech, zwolnij blokadę ciężaru i rozpocznij wykonywanie ćwiczenia. W momencie, gdy nogi ugną się w kolanach pod kątem ok. 90 stopni zacznij wypychanie ciężaru, jednocześnie robiąc wydech.',17),
 (327,'',' wyciskanie sztangi na ławce płaskiej ',8,4,'Połóż się tyłem na ławce. Złap sztangę naprawdę szerokim nachwytem. Zdejmij ją ze stojaków i opuść do klatki piersiowej, łokcie prowadząc szerzej niż w klasycznym wariancie. Zatrzymaj na sekundę ruch, a następnie wyciśnij ciężar do pozycji początkowej.',17),
 (328,'wtorek',' Martwy ciąg ',13,3,'Do ciągu przystępujesz w obuwiu w twardej podeszwie (może być boso!), stajesz przed sztangą tak, aby po ugięciu nóg piszczele dotykały gryfu. Łapiesz nachwytem sztangę, ściągasz łopatki (stabilizacja kręgosłupa), wypinasz tyłek i wstajesz pionowo do góry. Unikaj kociego grzbietu. Kiedy sztanga osiągnie wysokość kolan, zaczynasz wychodzić biodrami do przodu.',17),
 (329,'',' Martwy ciąg ',12,4,'Do ciągu przystępujesz w obuwiu w twardej podeszwie (może być boso!), stajesz przed sztangą tak, aby po ugięciu nóg piszczele dotykały gryfu. Łapiesz nachwytem sztangę, ściągasz łopatki (stabilizacja kręgosłupa), wypinasz tyłek i wstajesz pionowo do góry. Unikaj kociego grzbietu. Kiedy sztanga osiągnie wysokość kolan, zaczynasz wychodzić biodrami do przodu.',17),
 (330,'','Podciąganie na drążku ',10,3,'Aby wykonać ruch ściągnięcia łopatek należy z uniesionymi rękoma w górze łopatkami napiąć brzuch i pośladki. Następnie poprzez ruch na wyprostowanej ręce, należy przyciągnąć łopatki do dołu i do siebie.',17),
 (331,'',' wyciskanie na maszynie siedząc ',9,3,' Siedzimy na ławce maszyny tułów wyprostowany plecy oparte całą powierzchnią, stopy na platformie, dłonie na uchwytach, ręce mocno zgięte w łokciach. Wyciskanie ciężaru przez prostowanie rą',17),
 (332,'','wiosłowanie sztangielką',14,4,'Wykonaj klęk podparty jednonóż na ławce poziomej. Druga noga oparta stabilnie o podłoże. Wolną ręką chwyć sztangielkę chwytem neutralnym. Wykonajując wdech rozpocznij ruch wiosłowania sztangielką. Łokieć prowadź blisko ciała. Zakończ ruch w momencie maksymalnego napięcia mięśni grzbietu, gdy łokieć nieznacznie znajdzie się powyżej poziomu równoległego do podłoża. Następnie wykonując powolny wydech wróć do pozycji wyjściowej.',17),
 (333,'',' Przysiady ze sztangą trzymaną z przodu ',12,4,'Stajemy w postawie wyprostowanej przed stojakiem ze sztangą. Wsuwamy tułów pod sztangę w taki sposób, aby gryf znalazł się w górnej strefie mięśni piersiowych i przedniej części mięśni naramiennych. Następnie unosimy łokcie wysoko do przodu (na tyle, aby ramiona znalazły się mniej więcej w pozycji równoległej do podłoża) i kładziemy skrzyżowane ręce na barkach lub nieco wężej, przytrzymując sztangę od góry. ',17),
 (334,'',' Wykroki ',13,3,'Zrób krok do przodu, nie pochylając przy tym tułowia. W tej pozycji udo przedniej nogi powinno być równoległe do podłoża. Kolano nigdy nie powinno wychodzić do przodu (ruch, w końcowej fazie odbywa się w dół). Ciężar ciała powinien znajdować się na przedniej pięcie (nigdy na palcach). Tylna noga jest lekko ugięta w kolanie. Kolano nie dotyka podłogi. Ekplozywnie wróć do pozycji wyjściowej (wykonaj jeden, szybki ruch).',17),
 (335,'','Podciąganie na drążku ',12,5,'Aby wykonać ruch ściągnięcia łopatek należy z uniesionymi rękoma w górze łopatkami napiąć brzuch i pośladki. Następnie poprzez ruch na wyprostowanej ręce, należy przyciągnąć łopatki do dołu i do siebie.',17),
--
 (336,'poniedziałek',' Przysiad bułgarski ',14,3,'Trzymaj hantle w obydwu dłoniach, z całkowicie rozciągniętymi ramionami po bokach tułowia i z wnętrzami dłoni skierowanymi do siebie. Trzymając stopy Opuść biodra do podłoża, aby tylne kolano znalazło się blisko podłoża. Zrób pauzę i wybij się z przedniej pięty, by wrócić do pozycji wyjściowej.',18),
 (337,'',' Wypychanie ciężaru na suwnicy',11,5,'Usiądź w siedzisku maszyny. Połóż stopy na platformie (powinny w całości do niej przylegać) mniej więcej na szerokość barków . Weź wdech, zwolnij blokadę ciężaru i rozpocznij wykonywanie ćwiczenia. W momencie, gdy nogi ugną się w kolanach pod kątem ok. 90 stopni zacznij wypychanie ciężaru, jednocześnie robiąc wydech.',18),
 (338,'wtorek',' Przysiad bułgarski ',11,3,'Trzymaj hantle w obydwu dłoniach, z całkowicie rozciągniętymi ramionami po bokach tułowia i z wnętrzami dłoni skierowanymi do siebie. Trzymając stopy Opuść biodra do podłoża, aby tylne kolano znalazło się blisko podłoża. Zrób pauzę i wybij się z przedniej pięty, by wrócić do pozycji wyjściowej.',18),
 (339,'',' Martwy ciąg ',9,3,'Do ciągu przystępujesz w obuwiu w twardej podeszwie (może być boso!), stajesz przed sztangą tak, aby po ugięciu nóg piszczele dotykały gryfu. Łapiesz nachwytem sztangę, ściągasz łopatki (stabilizacja kręgosłupa), wypinasz tyłek i wstajesz pionowo do góry. Unikaj kociego grzbietu. Kiedy sztanga osiągnie wysokość kolan, zaczynasz wychodzić biodrami do przodu.',18),
 (340,'','wiosłowanie sztangielką',13,3,'Wykonaj klęk podparty jednonóż na ławce poziomej. Druga noga oparta stabilnie o podłoże. Wolną ręką chwyć sztangielkę chwytem neutralnym. Wykonajując wdech rozpocznij ruch wiosłowania sztangielką. Łokieć prowadź blisko ciała. Zakończ ruch w momencie maksymalnego napięcia mięśni grzbietu, gdy łokieć nieznacznie znajdzie się powyżej poziomu równoległego do podłoża. Następnie wykonując powolny wydech wróć do pozycji wyjściowej.',18),
 (341,'',' Wypychanie ciężaru na suwnicy',14,5,'Usiądź w siedzisku maszyny. Połóż stopy na platformie (powinny w całości do niej przylegać) mniej więcej na szerokość barków . Weź wdech, zwolnij blokadę ciężaru i rozpocznij wykonywanie ćwiczenia. W momencie, gdy nogi ugną się w kolanach pod kątem ok. 90 stopni zacznij wypychanie ciężaru, jednocześnie robiąc wydech.',18),
 (342,'',' Podciąganie na drążku wąskim chwytem ',13,5,'Aby wykonać ruch ściągnięcia łopatek należy z uniesionymi rękoma w górze łopatkami napiąć brzuch i pośladki. Następnie poprzez ruch na wyprostowanej ręce, należy przyciągnąć łopatki do dołu i do siebie.',18),
 (343,'',' Martwy ciąg ',13,5,'Do ciągu przystępujesz w obuwiu w twardej podeszwie (może być boso!), stajesz przed sztangą tak, aby po ugięciu nóg piszczele dotykały gryfu. Łapiesz nachwytem sztangę, ściągasz łopatki (stabilizacja kręgosłupa), wypinasz tyłek i wstajesz pionowo do góry. Unikaj kociego grzbietu. Kiedy sztanga osiągnie wysokość kolan, zaczynasz wychodzić biodrami do przodu.',18),
 (344,'', 'Przysiady ze sztangą trzymaną z przodu ',14,4,'Stajemy w postawie wyprostowanej przed stojakiem ze sztangą. Wsuwamy tułów pod sztangę w taki sposób, aby gryf znalazł się w górnej strefie mięśni piersiowych i przedniej części mięśni naramiennych. Następnie unosimy łokcie wysoko do przodu (na tyle, aby ramiona znalazły się mniej więcej w pozycji równoległej do podłoża) i kładziemy skrzyżowane ręce na barkach lub nieco wężej, przytrzymując sztangę od góry. ',18),
 (345,'','Podciąganie na drążku ',9,4,'Aby wykonać ruch ściągnięcia łopatek należy z uniesionymi rękoma w górze łopatkami napiąć brzuch i pośladki. Następnie poprzez ruch na wyprostowanej ręce, należy przyciągnąć łopatki do dołu i do siebie.',18),
--
 (346,'poniedziałek',' Podciąganie na drążku wąskim chwytem ',8,3,'Aby wykonać ruch ściągnięcia łopatek należy z uniesionymi rękoma w górze łopatkami napiąć brzuch i pośladki. Następnie poprzez ruch na wyprostowanej ręce, należy przyciągnąć łopatki do dołu i do siebie.',19),
 (347,'',' Martwy ciąg ',15,3,'Do ciągu przystępujesz w obuwiu w twardej podeszwie (może być boso!), stajesz przed sztangą tak, aby po ugięciu nóg piszczele dotykały gryfu. Łapiesz nachwytem sztangę, ściągasz łopatki (stabilizacja kręgosłupa), wypinasz tyłek i wstajesz pionowo do góry. Unikaj kociego grzbietu. Kiedy sztanga osiągnie wysokość kolan, zaczynasz wychodzić biodrami do przodu.',19),
 (348,'','Podciąganie na drążku ',8,3,'Aby wykonać ruch ściągnięcia łopatek należy z uniesionymi rękoma w górze łopatkami napiąć brzuch i pośladki. Następnie poprzez ruch na wyprostowanej ręce, należy przyciągnąć łopatki do dołu i do siebie.',19),
 (349,'wtorek',' Podciąganie na drążku wąskim chwytem ',13,5,'Aby wykonać ruch ściągnięcia łopatek należy z uniesionymi rękoma w górze łopatkami napiąć brzuch i pośladki. Następnie poprzez ruch na wyprostowanej ręce, należy przyciągnąć łopatki do dołu i do siebie.',19),
 (350,'',' Wykroki ',12,4,'Zrób krok do przodu, nie pochylając przy tym tułowia. W tej pozycji udo przedniej nogi powinno być równoległe do podłoża. Kolano nigdy nie powinno wychodzić do przodu (ruch, w końcowej fazie odbywa się w dół). Ciężar ciała powinien znajdować się na przedniej pięcie (nigdy na palcach). Tylna noga jest lekko ugięta w kolanie. Kolano nie dotyka podłogi. Ekplozywnie wróć do pozycji wyjściowej (wykonaj jeden, szybki ruch).',19),
 (351,'',' wyciskanie sztangi na ławce płaskiej ',11,5,'Połóż się tyłem na ławce. Złap sztangę naprawdę szerokim nachwytem. Zdejmij ją ze stojaków i opuść do klatki piersiowej, łokcie prowadząc szerzej niż w klasycznym wariancie. Zatrzymaj na sekundę ruch, a następnie wyciśnij ciężar do pozycji początkowej.',19),
 (352,'',' Podciąganie na drążku wąskim chwytem ',15,4,'Aby wykonać ruch ściągnięcia łopatek należy z uniesionymi rękoma w górze łopatkami napiąć brzuch i pośladki. Następnie poprzez ruch na wyprostowanej ręce, należy przyciągnąć łopatki do dołu i do siebie.',19),
 (353,'',' Przysiady ze sztangą trzymaną z przodu ',11,4,'Stajemy w postawie wyprostowanej przed stojakiem ze sztangą. Wsuwamy tułów pod sztangę w taki sposób, aby gryf znalazł się w górnej strefie mięśni piersiowych i przedniej części mięśni naramiennych. Następnie unosimy łokcie wysoko do przodu (na tyle, aby ramiona znalazły się mniej więcej w pozycji równoległej do podłoża) i kładziemy skrzyżowane ręce na barkach lub nieco wężej, przytrzymując sztangę od góry. ',19),
 (354,'','Podciąganie na drążku ',13,3,'Aby wykonać ruch ściągnięcia łopatek należy z uniesionymi rękoma w górze łopatkami napiąć brzuch i pośladki. Następnie poprzez ruch na wyprostowanej ręce, należy przyciągnąć łopatki do dołu i do siebie.',19),
 (355,'',' wyciskanie sztangi na ławce płaskiej ',14,3,'Połóż się tyłem na ławce. Złap sztangę naprawdę szerokim nachwytem. Zdejmij ją ze stojaków i opuść do klatki piersiowej, łokcie prowadząc szerzej niż w klasycznym wariancie. Zatrzymaj na sekundę ruch, a następnie wyciśnij ciężar do pozycji początkowej.',19),
--
 (356,'poniedziałek',' wyciskanie sztangi na ławce płaskiej ',8,4,'Połóż się tyłem na ławce. Złap sztangę naprawdę szerokim nachwytem. Zdejmij ją ze stojaków i opuść do klatki piersiowej, łokcie prowadząc szerzej niż w klasycznym wariancie. Zatrzymaj na sekundę ruch, a następnie wyciśnij ciężar do pozycji początkowej.',20),
 (357,'',' Przysiad bułgarski ',12,3,'Trzymaj hantle w obydwu dłoniach, z całkowicie rozciągniętymi ramionami po bokach tułowia i z wnętrzami dłoni skierowanymi do siebie. Trzymając stopy Opuść biodra do podłoża, aby tylne kolano znalazło się blisko podłoża. Zrób pauzę i wybij się z przedniej pięty, by wrócić do pozycji wyjściowej.',20),
 (358,'',' Podciąganie na drążku wąskim chwytem ',15,5,'Aby wykonać ruch ściągnięcia łopatek należy z uniesionymi rękoma w górze łopatkami napiąć brzuch i pośladki. Następnie poprzez ruch na wyprostowanej ręce, należy przyciągnąć łopatki do dołu i do siebie.',20),
 (359,'',' wyciskanie na maszynie siedząc ',12,3,' Siedzimy na ławce maszyny tułów wyprostowany plecy oparte całą powierzchnią, stopy na platformie, dłonie na uchwytach, ręce mocno zgięte w łokciach. Wyciskanie ciężaru przez prostowanie rą',20),
 (360,'',' Podciąganie na drążku wąskim chwytem ',14,5,'Aby wykonać ruch ściągnięcia łopatek należy z uniesionymi rękoma w górze łopatkami napiąć brzuch i pośladki. Następnie poprzez ruch na wyprostowanej ręce, należy przyciągnąć łopatki do dołu i do siebie.',20),
 (361,'wtorek','Wyciskanie na ławce dodatniej',11,4,'Górną część klatki piersiowej możemy ćwiczeń ze sztangą lub ze sztangielkami. Bardzo dobrym ćwiczeniem, w szczególności na mięsnie stabilizujące klatki piersiowej, jest wyciskanie sztangielek na ławce dodatniej. To ćwiczenie angażuje część obojczykową mięśnia piersiowego większego oraz mięsień naramienny przedni, co pozwoli efektownie wspomóc inne ćwiczenia na klatkę piersiową. ',20),
 (362,'','Wyciskanie na ławce dodatniej',12,4,'Górną część klatki piersiowej możemy ćwiczeń ze sztangą lub ze sztangielkami. Bardzo dobrym ćwiczeniem, w szczególności na mięsnie stabilizujące klatki piersiowej, jest wyciskanie sztangielek na ławce dodatniej. To ćwiczenie angażuje część obojczykową mięśnia piersiowego większego oraz mięsień naramienny przedni, co pozwoli efektownie wspomóc inne ćwiczenia na klatkę piersiową.',20),
 (363,'','Podciąganie na drążku ',15,4,'Aby wykonać ruch ściągnięcia łopatek należy z uniesionymi rękoma w górze łopatkami napiąć brzuch i pośladki. Następnie poprzez ruch na wyprostowanej ręce, należy przyciągnąć łopatki do dołu i do siebie.',20),
 (364,'',' Przysiady ze sztangą trzymaną z przodu ',15,4,'Stajemy w postawie wyprostowanej przed stojakiem ze sztangą. Wsuwamy tułów pod sztangę w taki sposób, aby gryf znalazł się w górnej strefie mięśni piersiowych i przedniej części mięśni naramiennych. Następnie unosimy łokcie wysoko do przodu (na tyle, aby ramiona znalazły się mniej więcej w pozycji równoległej do podłoża) i kładziemy skrzyżowane ręce na barkach lub nieco wężej, przytrzymując sztangę od góry. ',20),
 (365,'','Unoszenie ramion ze sztangielkami ',9,5,'Weź dwa hantle i trzymaj je wzdłuż tułowia. Ściągnij łopatki i napnij mięśnie pośladkowe. Unieś hantle na bok i lekko przed siebie (około 30 stopni przed siebie, tak aby ręce tworzyły ze sobą kąt rozwarty).',20),
 (366,'','null',1,1,'cos',21);

 DELETE FROM body_diet;
 DELETE FROM details_diet;
 DELETE FROM diet;

 INSERT INTO  diet(id,iloscposilkow,liczbakalori)
VALUE
(1,4,500),
(2,4,1000),
(3,4,2000),
(4,4,4000),

(5,5,3000),
(6,5,4000);


INSERT INTO  details_diet(id,dzientygodnia,day_diet_id)
VALUE
(1,'poniedzialek',1),
(2,'wtorek',1),
(3,'sroda',1),
(4,'czwartek',1),
(5,'piatek',1),
(6,'sobota',1),
(7,'niedziela',1),

(8,'poniedzialek',2),
(9,'wtorek',2),
(10,'sroda', 2),
(11,'czwartek',2),
(12,'piatek',2),
(13,'sobota',2),
(14,'niedziela',2),


(15,'poniedzialek',3),
(16,'wtorek',3),
(17,'sroda', 3),
(18,'czwartek',3),
(19,'piatek',3),
(20,'sobota',3),
(21,'niedziela',3),


(22,'poniedzialek',4),
(23,'wtorek',4),
(24,'sroda', 4),
(25,'czwartek',4),
(26,'piatek',4),
(27,'sobota',4),
(28,'niedziela',4),

(29,'poniedzialek',5),
(30,'wtorek',5),
(31,'sroda', 5),
(32,'czwartek',5),
(33,'piatek',5),
(34,'sobota',5),
(35,'niedziela',5),

(36,'poniedzialek',6),
(37,'wtorek',6),
(38,'sroda', 6),
(39,'czwartek',6),
(40,'piatek',6),
(41,'sobota',6),
(42,'niedziela',6);



INSERT INTO  body_diet(id,rodzajposilku,nazwaposilku,liczbakalori,wagaporcji,skladniki,przepis,listbodydnia)
VALUE
(1,'Śniadanie','Kanapka z serem twarogowym, szczypiorkiem i rzodkiewką',126,110,'Serek twarogowy ziarnisty - dwie łyżki (40 g),Chleb żytni - jedna kromka (35 g),Rzodkiewka - dwie sztuki (30 g),Szczypiorek - 1 łyżka pokrojonego (5 g)','Kanapkę smarujemy serem.
Na kanapkę kładziemy pokrojony szczypiorek i rzodkiewkę.',1),
--
(2,'Drugie śniadanie','Shake szpinakowy',103,395,'Woda - 250 ml,Ananas - 80 g,Rzodkiewka - dwie sztuki (30 g),Imbir - 5 g','Całość miksujemy w blenderze.
',1),
--
(3,'Obiad','Pomidorowa zupa krem z jarmużem',158,293,'Koncentrat pomidorowy 30% - 350 g,Jarmuż - 250 g, Cebula - 2 średnie sztuki (160 g),Por - 1 sztuka (140 g), Marchew - 3 średnie sztuki (135 g),Mielona papryka słodka - 1 płaska łyżeczka (0 g)','Umyj warzywa.
Obierz marchew, pietruszki, pora i cebule. Pokrój warzywa w plasterki.
Ugotuj warzywa w garnku z 2 litrami wody i zblenduj.
Zblendowane warzywa uzupełnij 1 litrem wody, dodaj koncentrat pomidorowy, wymieszaj i zagotuj.
Jarmuż porwij palcami na niewielkie kawałki i włóż do garnka z gotującym się kremem warzywnym. Gotuj około 2-3 minuty.
Zupę dopraw do smaku słodką papryką, pieprzem Cayenne, suszonym czosnkiem niedźwiedzim (opcjonalnie) i solą himalajską.
',1),
--
(4,'Kolacja','Melon',133,360,'Melon - 360 g','-',1),



(5,'Śniadanie','Kanapka z masłem, indykiem i ogórkiem kiszonym, szczypiorkiem i rzodkiewką',135,80,'Chleb żytni - jedna kromka (35 g)

,Szynka z indyka - 1 plaster (20 g),Masło - pół łyżeczki (5 g)','Kanapkę smarujemy masłem.
Na kanapkę kładziemy plasterek szynki.
Na szynkę - pokrojony w plastry ogórek kiszony.',2),
--
(6,'Drugie śniadanie','Surówka z marchwi i jabłek',67 ,165,'Marchew - 2 średnie sztuki (90 g),Rzodkiewka - dwie sztuki (30 g),Jabłko - 1 średnia sztuka (75 g)','Marchew i jabłko umyj i obierz ze skórki.
Składniki zblenduj lub zetrzyj na tarce o drobnych oczkach i wymieszaj.',2),
--
(7,'Obiad','Chłodnik z soku z buraka (wersja lżejsza)',158,160,'Jogurt naturalny 2% - pół małego opakowania ,Jaja kurze całe - 1 sztuka S (50 g),Sok z buraków - 50 g, Rzodkiewka - 3 sztuki (45 g),Ogórek gruntowy - pół sztuki (20 g),Kiełki brokuła - 2 łyżki (16 g)','Do miski wkładamy i delikatnie mieszamy: - Jajko gotowane na twardo pokrojone w dużą kostkę; - Obranego ogórka - startego na tarce o dużych oczkach i odsączonego; - Rzodkiewki pokrojone w plasterki; - Kiełki brokuła; - Jogurt; - Sok z buraka; - Sól i pieprz do smaku;
',2),
--
(8,'Kolacja','Gołąbki wegańskie (warzywne)',131,431,'Kapusta biała - 1 średnia sztuka (1500 g),Kalafior - 1 sztuka (880 g),Passata pomidorowa - 1 butelka (700 g),Cebula - 2 sztuki (180 g),Marchew - 2 średnie sztuki (90 g),Sól himalajska - wedle uznania (5 g)','Umyj i obierz warzywa.
Marchew, pietruszkę, kalafiora i cebulę ugotuj na parze.
Zblenduj ugotowane warzywa i przypraw słodką papryką, pieprzem oraz solą.
Ugotuj kapustę w posolonej wodzie. Zdejmij liście.
Farsz ze zblendowanych warzyw zawiń w liście kapusty.
Gołąbki ułóż w naczyniu żaroodpornym i polej pomidorową passatą.
Naczynie przykryj i duś gołąbki w piekarniku przez 1 godzinę w temperaturze około 220 st. C.',2),


(9,'Śniadanie','Kanapka z serem twarogowym, szczypiorkiem i rzodkiewką, szczypiorkiem i rzodkiewką',126,110,'Serek twarogowy ziarnisty - dwie łyżki (40 g), Chleb żytni - jedna kromka (35 g)

,Rzodkiewka - dwie sztuki (30 g),Szczypiorek - 1 łyżka pokrojonego (5 g)','Kanapkę smarujemy masłem.
Na kanapkę kładziemy plasterek szynki.
Na szynkę - pokrojony w plastry ogórek kiszony.',3),
--
(10,'Drugie śniadanie','Shake szpinakowy',103,395,'Woda - 250 ml,Ananas - 80 g,Rzodkiewka - dwie sztuki (30 g),Imbir - 5 g','Całość miksujemy w blenderze.
Całość miksujemy w blenderze',3),
--
(11,'Obiad','Chłodnik z soku z buraka (wersja lżejsza)',158,160,'Jogurt naturalny 2% - pół małego opakowania ,Jaja kurze całe - 1 sztuka S (50 g),Sok z buraków - 50 g, Rzodkiewka - 3 sztuki (45 g),Ogórek gruntowy - pół sztuki (20 g),Kiełki brokuła - 2 łyżki (16 g)','Do miski wkładamy i delikatnie mieszamy: - Jajko gotowane na twardo pokrojone w dużą kostkę; - Obranego ogórka - startego na tarce o dużych oczkach i odsączonego; - Rzodkiewki pokrojone w plasterki; - Kiełki brokuła; - Jogurt; - Sok z buraka; - Sól i pieprz do smaku;
',3),
--
(12,'Kolacja','Gołąbki wegańskie (warzywne)',131,431,'Kapusta biała - 1 średnia sztuka (1500 g),Kalafior - 1 sztuka (880 g),Passata pomidorowa - 1 butelka (700 g),Cebula - 2 sztuki (180 g),Marchew - 2 średnie sztuki (90 g),Sól himalajska - wedle uznania (5 g)','Umyj i obierz warzywa.
Marchew, pietruszkę, kalafiora i cebulę ugotuj na parze.
Zblenduj ugotowane warzywa i przypraw słodką papryką, pieprzem oraz solą.
Ugotuj kapustę w posolonej wodzie. Zdejmij liście.
Farsz ze zblendowanych warzyw zawiń w liście kapusty.
Gołąbki ułóż w naczyniu żaroodpornym i polej pomidorową passatą.
Naczynie przykryj i duś gołąbki w piekarniku przez 1 godzinę w temperaturze około 220 st. C.',3),

(13,'Śniadanie','Melon',133,360,'Melon - 360 g','-',4),
--
(14,'Drugie śniadanie','Shake szpinakowy',103,395,'Woda - 250 ml,Ananas - 80 g,Rzodkiewka - dwie sztuki (30 g),Imbir - 5 g','Całość miksujemy w blenderze.
Całość miksujemy w blenderze',4),
--
(15,'Obiad','Chłodnik z soku z buraka (wersja lżejsza)',158,160,'Jogurt naturalny 2% - pół małego opakowania ,Jaja kurze całe - 1 sztuka S (50 g),Sok z buraków - 50 g, Rzodkiewka - 3 sztuki (45 g),Ogórek gruntowy - pół sztuki (20 g),Kiełki brokuła - 2 łyżki (16 g)','Do miski wkładamy i delikatnie mieszamy: - Jajko gotowane na twardo pokrojone w dużą kostkę; - Obranego ogórka - startego na tarce o dużych oczkach i odsączonego; - Rzodkiewki pokrojone w plasterki; - Kiełki brokuła; - Jogurt; - Sok z buraka; - Sól i pieprz do smaku;
',4),
--
(16,'Kolacja','Gołąbki wegańskie (warzywne)',131,431,'Kapusta biała - 1 średnia sztuka (1500 g),Kalafior - 1 sztuka (880 g),Passata pomidorowa - 1 butelka (700 g),Cebula - 2 sztuki (180 g),Marchew - 2 średnie sztuki (90 g),Sól himalajska - wedle uznania (5 g)','Umyj i obierz warzywa.
Marchew, pietruszkę, kalafiora i cebulę ugotuj na parze.
Zblenduj ugotowane warzywa i przypraw słodką papryką, pieprzem oraz solą.
Ugotuj kapustę w posolonej wodzie. Zdejmij liście.
Farsz ze zblendowanych warzyw zawiń w liście kapusty.
Gołąbki ułóż w naczyniu żaroodpornym i polej pomidorową passatą.
Naczynie przykryj i duś gołąbki w piekarniku przez 1 godzinę w temperaturze około 220 st. C.',4),


(17,'Śniadanie','Kanapka z masłem, kabanosem i rzodkiewką',146,80,'Chleb żytni - jedna kromka (35 g),Rzodkiewka - 2 sztuki (30 g),Kabanosy z kurczaka - pół kawałka (10 g),Masło - pół łyżeczki (5 g)','-',5),
--
(18,'Drugie śniadanie','Shake szpinakowy',103,395,'Woda - 250 ml,Ananas - 80 g,Rzodkiewka - dwie sztuki (30 g),Imbir - 5 g','Całość miksujemy w blenderze.
Całość miksujemy w blenderze',5),
--
(19,'Obiad','Chłodnik z soku z buraka (wersja lżejsza)',158,160,'Jogurt naturalny 2% - pół małego opakowania ,Jaja kurze całe - 1 sztuka S (50 g),Sok z buraków - 50 g, Rzodkiewka - 3 sztuki (45 g),Ogórek gruntowy - pół sztuki (20 g),Kiełki brokuła - 2 łyżki (16 g)','Do miski wkładamy i delikatnie mieszamy: - Jajko gotowane na twardo pokrojone w dużą kostkę; - Obranego ogórka - startego na tarce o dużych oczkach i odsączonego; - Rzodkiewki pokrojone w plasterki; - Kiełki brokuła; - Jogurt; - Sok z buraka; - Sól i pieprz do smaku;
',5),
--
(20,'Kolacja','Gołąbki wegańskie (warzywne)',131,431,'Kapusta biała - 1 średnia sztuka (1500 g),Kalafior - 1 sztuka (880 g),Passata pomidorowa - 1 butelka (700 g),Cebula - 2 sztuki (180 g),Marchew - 2 średnie sztuki (90 g),Sól himalajska - wedle uznania (5 g)','Umyj i obierz warzywa.
Marchew, pietruszkę, kalafiora i cebulę ugotuj na parze.
Zblenduj ugotowane warzywa i przypraw słodką papryką, pieprzem oraz solą.
Ugotuj kapustę w posolonej wodzie. Zdejmij liście.
Farsz ze zblendowanych warzyw zawiń w liście kapusty.
Gołąbki ułóż w naczyniu żaroodpornym i polej pomidorową passatą.
Naczynie przykryj i duś gołąbki w piekarniku przez 1 godzinę w temperaturze około 220 st. C.',5),


(21,'Śniadanie','Kanapka z masłem, kabanosem i rzodkiewką',146,80,'Chleb żytni - jedna kromka (35 g),Rzodkiewka - 2 sztuki (30 g),Kabanosy z kurczaka - pół kawałka (10 g),Masło - pół łyżeczki (5 g)','-',6),
--
(22,'Drugie śniadanie','Shake szpinakowy',103,395,'Woda - 250 ml,Ananas - 80 g,Rzodkiewka - dwie sztuki (30 g),Imbir - 5 g','Całość miksujemy w blenderze.
Całość miksujemy w blenderze',6),
--
(23,'Obiad','Chłodnik z soku z buraka (wersja lżejsza)',158,160,'Jogurt naturalny 2% - pół małego opakowania ,Jaja kurze całe - 1 sztuka S (50 g),Sok z buraków - 50 g, Rzodkiewka - 3 sztuki (45 g),Ogórek gruntowy - pół sztuki (20 g),Kiełki brokuła - 2 łyżki (16 g)','Do miski wkładamy i delikatnie mieszamy: - Jajko gotowane na twardo pokrojone w dużą kostkę; - Obranego ogórka - startego na tarce o dużych oczkach i odsączonego; - Rzodkiewki pokrojone w plasterki; - Kiełki brokuła; - Jogurt; - Sok z buraka; - Sól i pieprz do smaku;
',6),
--
(24,'Kolacja','Gołąbki wegańskie (warzywne)',131,431,'Kapusta biała - 1 średnia sztuka (1500 g),Kalafior - 1 sztuka (880 g),Passata pomidorowa - 1 butelka (700 g),Cebula - 2 sztuki (180 g),Marchew - 2 średnie sztuki (90 g),Sól himalajska - wedle uznania (5 g)','Umyj i obierz warzywa.
Marchew, pietruszkę, kalafiora i cebulę ugotuj na parze.
Zblenduj ugotowane warzywa i przypraw słodką papryką, pieprzem oraz solą.
Ugotuj kapustę w posolonej wodzie. Zdejmij liście.
Farsz ze zblendowanych warzyw zawiń w liście kapusty.
Gołąbki ułóż w naczyniu żaroodpornym i polej pomidorową passatą.
Naczynie przykryj i duś gołąbki w piekarniku przez 1 godzinę w temperaturze około 220 st. C.',6),


(25,'Śniadanie','Kanapka z masłem, kabanosem i rzodkiewką',146,80,'Chleb żytni - jedna kromka (35 g),Rzodkiewka - 2 sztuki (30 g),Kabanosy z kurczaka - pół kawałka (10 g),Masło - pół łyżeczki (5 g)','-',7),
--
(26,'Drugie śniadanie','Shake szpinakowy',103,395,'Woda - 250 ml,Ananas - 80 g,Rzodkiewka - dwie sztuki (30 g),Imbir - 5 g','Całość miksujemy w blenderze.
Całość miksujemy w blenderze',7),
--
(27,'Obiad','Pomidorowa zupa krem z jarmużem',158,293,'Koncentrat pomidorowy 30% - 350 g ,Jarmuż - 250 g, Cebula - 2 średnie sztuki (160 g),','Umyj warzywa.
Obierz marchew, pietruszki, pora i cebule. Pokrój warzywa w plasterki.
Ugotuj warzywa w garnku z 2 litrami wody i zblenduj.
Zblendowane warzywa uzupełnij 1 litrem wody, dodaj koncentrat pomidorowy, wymieszaj i zagotuj.
Jarmuż porwij palcami na niewielkie kawałki i włóż do garnka z gotującym się kremem warzywnym. Gotuj około 2-3 minuty.
Zupę dopraw do smaku słodką papryką, pieprzem Cayenne, suszonym czosnkiem niedźwiedzim (opcjonalnie) i solą himalajską.;
',7),
--
(28,'Kolacja','Gołąbki wegańskie (warzywne)',131,431,'Kapusta biała - 1 średnia sztuka (1500 g),Kalafior - 1 sztuka (880 g),Passata pomidorowa - 1 butelka (700 g),Cebula - 2 sztuki (180 g),Marchew - 2 średnie sztuki (90 g),Sól himalajska - wedle uznania (5 g)','Umyj i obierz warzywa.
Marchew, pietruszkę, kalafiora i cebulę ugotuj na parze.
Zblenduj ugotowane warzywa i przypraw słodką papryką, pieprzem oraz solą.
Ugotuj kapustę w posolonej wodzie. Zdejmij liście.
Farsz ze zblendowanych warzyw zawiń w liście kapusty.
Gołąbki ułóż w naczyniu żaroodpornym i polej pomidorową passatą.
Naczynie przykryj i duś gołąbki w piekarniku przez 1 godzinę w temperaturze około 220 st. C.',7),









(29,'Śniadanie','Tosty pełnoziarniste z serem, papryką i polędwicą sopocką',227,108,'Chleb tostowy pełnoziarnisty - dwie kromki (46 g), Papryka czerwona - plaster (30 g)

,Ser żółty królewski light - jeden plaster (15 g)
 Polędwica sopocka - jeden plaster (12 g),Masło - pół łyżeczki (5 g)','Kromki pieczywa tostowego smarujemy masłem.
Na pierwszą z nich kładziemy kolejno plaster polędwicy, pokrojoną paprykę i plaster sera.
Przykrywamy drugą z nich i wkładamy do rozgrzanego opiekacza.',8),
--
(30,'Drugie śniadanie','Koktajl z borówek',96,355,'Mleko krowie 1,5% - 250 ml, Borówka amerykańska - 100 g, Nasiona chia - 5 g','Całość miksujemy w blenderze.
Całość miksujemy w blenderze',8),
--
(31,'Obiad','Kasza jaglana z jabłkami i cynamonem',380,421,'Jabłko - dwie sztuki, bez ogryzka (360 g),Kasza jaglana - 50 g, Rodzynki - 1 łyżeczka (7 g), , Cynamon - 1 łyżeczka (4 g) ','Kaszę jaglaną przelewamy na sitku zimną, a następnie wrzącą wodą. Gotujemy pod przykryciem w 125g lekko posolonej wody, z dodatkiem rodzynek i obranych i pokrojonych jabłek. Pod koniec dodajemy cynamon. Najlepiej smakuje na zimno.
',8),
--
(32,'Kolacja','Sałatka z kalafiora z gruszkami',207, 375,'Kalafior - 150 g, Gruszka - 125 g, Jogurt naturalny 2% - 70 g, Sok pomarańczowy - 2 łyżki (20 g) ','Kalafiora myjemy, dzielimy na różyczki i gotujemy w wodzie aż zmiękną (ale uważamy, żeby się nie rozgotowały). Gruszki obieramy, kroimy w kostkę i mieszamy z kalafiorem. Następnie dodajemy jogurt, sok pomarańczowy i oliwę, całość mieszamy. Na talerzu układamy liście sałaty, posypujemy rzeżuchą i nakładamy gotową sałatkę.',8),



(33,'Śniadanie','Koktajl jabłko, pomarańcza, marchew',291,615,'Jabłko - 2 sztuki (360 g), Pomarańcze - jedna sztuka (240 g), Marchew - 1 sztuka (15 g)','Całość zblendować.',9),
--
(34,'Drugie śniadanie','Kanapka z masłem, żółtym serem i pomidorem',165 ,75,'Chleb żytni - jedna kromka (35 g),Pomidory - plaster (20 g), Ser żółty królewski light - 1 plaster (15 g), Masło - pół łyżeczki (5 g)','Kanapkę smarujemy masłem.
Na kanapkę kładziemy plasterek sera.
Na ser - plaster pomidora.',9),
--
(35,'Obiad','Makaron z pesto (bezglutenowy)',364,200,'Pomidory koktajlowe - 100 g, Makaron kukurydziany - 70 g, Pesto z bazylią - 30 g','Pomidory kroimy na pół, makaron przygotowujemy wg przepisu na opakowaniu, całość mieszamy.
',9),
--
(36,'Kolacja','Sałatka z kalafiora z gruszkami',207, 375,'Kalafior - 150 g, Gruszka - 125 g, Jogurt naturalny 2% - 70 g, Sok pomarańczowy - 2 łyżki (20 g) ','Kalafiora myjemy, dzielimy na różyczki i gotujemy w wodzie aż zmiękną (ale uważamy, żeby się nie rozgotowały). Gruszki obieramy, kroimy w kostkę i mieszamy z kalafiorem. Następnie dodajemy jogurt, sok pomarańczowy i oliwę, całość mieszamy. Na talerzu układamy liście sałaty, posypujemy rzeżuchą i nakładamy gotową sałatkę.',9),


(37,'Śniadanie','Kanapka z masłem, indykiem i ogórkiem kiszonym',226,190,'Chleb żytni - 2x jedna kromka (70 g),Ogórek kwaszony (kiszony) - 2x połowa (60 g), Szynka z indyka - 2x 1 plaster (40 g), Masło - 2x pół łyżeczki (10 g)','Kanapkę smarujemy masłem.
Na kanapkę kładziemy plasterek szynki.
Na szynkę - pokrojony w plastry ogórek kiszony.
',10),
--
(38,'Drugie śniadanie','Shake szpinakowy',103,395,'Woda - 250 ml,Ananas - 80 g,Rzodkiewka - dwie sztuki (30 g),Imbir - 5 g','Całość miksujemy w blenderze.
Całość miksujemy w blenderze',10),
--
(39,'Obiad','Komosa ryżowa na mleku migdałowym z malinami',381,520,'Mleko migdałowe - 240 g, Jabłko - 150 g, Quinoa (komosa ryżowa) - 70 g, Malina - 60 g','Komosę ugotuj na mleku migdałowym.
Pod koniec gotowania dodaj maliny.
Przełóż do miseczki i wkrój jabłko.
',10),
--
(40 ,'Kolacja','Gołąbki wegańskie (warzywne)',131,431,'Kapusta biała - 1 średnia sztuka (1500 g),Kalafior - 1 sztuka (880 g),Passata pomidorowa - 1 butelka (700 g),Cebula - 2 sztuki (180 g),Marchew - 2 średnie sztuki (90 g),Sól himalajska - wedle uznania (5 g)','Umyj i obierz warzywa.
Marchew, pietruszkę, kalafiora i cebulę ugotuj na parze.
Zblenduj ugotowane warzywa i przypraw słodką papryką, pieprzem oraz solą.
Ugotuj kapustę w posolonej wodzie. Zdejmij liście.
Farsz ze zblendowanych warzyw zawiń w liście kapusty.
Gołąbki ułóż w naczyniu żaroodpornym i polej pomidorową passatą.
Naczynie przykryj i duś gołąbki w piekarniku przez 1 godzinę w temperaturze około 220 st. C.',10),


(41,'Śniadanie','Melon',133,360,'Melon - 360 g','-',11),
--
(42,'Drugie śniadanie','Serek z brzoskwinią (bezglutenowy)',228,307,'Serek homogenizowany naturalny, 0% tłuszczu, Brzoskwinia - 85 g, Miód pszczeli - 12 g, Płatki jaglane - 10 g','Brzoskwinię kroimy na małe kawałki i mieszamy z pozostałymi składnikami.
',11),
--
(43,'Obiad','Risotto z groszkiem i grzybami',361,240,'Pieczarka świeża - 80 g, Ryż brązowy - 60 g, Cebula - 30 g, Olej rzepakowy - 10 g','Cebulę podsmażamy na oleju, dodajemy pokrojone w paski grzyby. Wrzucamy ugotowany wcześniej ryż, groszek i przyprawiamy dla smaku pieprzem i solą.
',11),
--
(44,'Kolacja','Koktajl z bananem i szpinakiem (bez laktozy)',261,425,'Mleko ryżowe - 250 ml, Banan - 120 g, Szpinak - 50 g, Nasiona chia - 5 g','Całość blendujemy.',11),



(45,'Śniadanie','Kanapka z masłem, kabanosem i rzodkiewką',146,80,'Chleb żytni - jedna kromka (35 g),Rzodkiewka - 2 sztuki (30 g),Kabanosy z kurczaka - pół kawałka (10 g),Masło - pół łyżeczki (5 g)','-',12),
--
(46,'Drugie śniadanie','Koktajl z borówek',96,355,'Mleko krowie 1,5% - 250 ml, Borówka amerykańska - 100 g, Nasiona chia - 5 g','Całość miksujemy w blenderze.
Całość miksujemy w blenderze',12),
--
(47,'Obiad','Chłodnik z soku z buraka (wersja lżejsza)',158,160,'Jogurt naturalny 2% - pół małego opakowania ,Jaja kurze całe - 1 sztuka S (50 g),Sok z buraków - 50 g, Rzodkiewka - 3 sztuki (45 g),Ogórek gruntowy - pół sztuki (20 g),Kiełki brokuła - 2 łyżki (16 g)','Do miski wkładamy i delikatnie mieszamy: - Jajko gotowane na twardo pokrojone w dużą kostkę; - Obranego ogórka - startego na tarce o dużych oczkach i odsączonego; - Rzodkiewki pokrojone w plasterki; - Kiełki brokuła; - Jogurt; - Sok z buraka; - Sól i pieprz do smaku;
',12),
--
(48,'Kolacja','Gołąbki wegańskie (warzywne)',131,431,'Kapusta biała - 1 średnia sztuka (1500 g),Kalafior - 1 sztuka (880 g),Passata pomidorowa - 1 butelka (700 g),Cebula - 2 sztuki (180 g),Marchew - 2 średnie sztuki (90 g),Sól himalajska - wedle uznania (5 g)','Umyj i obierz warzywa.
Marchew, pietruszkę, kalafiora i cebulę ugotuj na parze.
Zblenduj ugotowane warzywa i przypraw słodką papryką, pieprzem oraz solą.
Ugotuj kapustę w posolonej wodzie. Zdejmij liście.
Farsz ze zblendowanych warzyw zawiń w liście kapusty.
Gołąbki ułóż w naczyniu żaroodpornym i polej pomidorową passatą.
Naczynie przykryj i duś gołąbki w piekarniku przez 1 godzinę w temperaturze około 220 st. C.',12),


(49,'Śniadanie','Kanapka z masłem, kabanosem i rzodkiewką',146,80,'Chleb żytni - jedna kromka (35 g),Rzodkiewka - 2 sztuki (30 g),Kabanosy z kurczaka - pół kawałka (10 g),Masło - pół łyżeczki (5 g)','-',13),
--
(50,'Drugie śniadanie','Shake szpinakowy',103,395,'Woda - 250 ml,Ananas - 80 g,Rzodkiewka - dwie sztuki (30 g),Imbir - 5 g','Całość miksujemy w blenderze.
Całość miksujemy w blenderze',13),
--
(51,'Obiad','Chłodnik z soku z buraka (wersja lżejsza)',158,160,'Jogurt naturalny 2% - pół małego opakowania ,Jaja kurze całe - 1 sztuka S (50 g),Sok z buraków - 50 g, Rzodkiewka - 3 sztuki (45 g),Ogórek gruntowy - pół sztuki (20 g),Kiełki brokuła - 2 łyżki (16 g)','Do miski wkładamy i delikatnie mieszamy: - Jajko gotowane na twardo pokrojone w dużą kostkę; - Obranego ogórka - startego na tarce o dużych oczkach i odsączonego; - Rzodkiewki pokrojone w plasterki; - Kiełki brokuła; - Jogurt; - Sok z buraka; - Sól i pieprz do smaku;
',13),
--
(52,'Kolacja','Koktajl z borówek (wersja bez laktozy)',193,355,'Mleko ryżowe - 250 ml, Borówka amerykańska - 100 g, Nasiona chia - 5 g','Całość miksujemy w blenderze.',13),



(53,'Śniadanie','Kanapka z masłem, kabanosem i rzodkiewką',146,80,'Chleb żytni - jedna kromka (35 g),Rzodkiewka - 2 sztuki (30 g),Kabanosy z kurczaka - pół kawałka (10 g),Masło - pół łyżeczki (5 g)','-',14),
--
(54,'Drugie śniadanie','Shake szpinakowy',103,395,'Woda - 250 ml,Ananas - 80 g,Rzodkiewka - dwie sztuki (30 g),Imbir - 5 g','Całość miksujemy w blenderze.
Całość miksujemy w blenderze',14),
--
(55,'Obiad','Risotto z groszkiem i grzybami',361,240,'Pieczarka świeża - 80 g, Ryż brązowy - 60 g, Cebula - 30 g, Olej rzepakowy - 10 g','Cebulę podsmażamy na oleju, dodajemy pokrojone w paski grzyby. Wrzucamy ugotowany wcześniej ryż, groszek i przyprawiamy dla smaku pieprzem i solą.
',14),
--
(56,'Kolacja','Gołąbki wegańskie (warzywne)',131,431,'Kapusta biała - 1 średnia sztuka (1500 g),Kalafior - 1 sztuka (880 g),Passata pomidorowa - 1 butelka (700 g),Cebula - 2 sztuki (180 g),Marchew - 2 średnie sztuki (90 g),Sól himalajska - wedle uznania (5 g)','Umyj i obierz warzywa.
Marchew, pietruszkę, kalafiora i cebulę ugotuj na parze.
Zblenduj ugotowane warzywa i przypraw słodką papryką, pieprzem oraz solą.
Ugotuj kapustę w posolonej wodzie. Zdejmij liście.
Farsz ze zblendowanych warzyw zawiń w liście kapusty.
Gołąbki ułóż w naczyniu żaroodpornym i polej pomidorową passatą.
Naczynie przykryj i duś gołąbki w piekarniku przez 1 godzinę w temperaturze około 220 st. C.',14),










-- -----------------------

(57,'Śniadanie','Owsianka z bananem, amarantusem i rodzynkami (wersja bez laktozy)',561,463,'Mleko ryżowe - 250 ml, Banan - jedna sztuka (120 g), Płatki owsiane - 6 łyżek (60 g),Rodzynki - 2 łyżki (22 g),Amarantus ekspandowany - 2 łyżki (6 g),Nasiona chia - jedna łyżeczka (5 g)
 ','Płatki zalewamy ok. 0,5 l wrzącej wody i odstawiamy pod przykryciem na kilka godzin. Następnie odlewamy z nich wodę. Całość wsypujemy do miski i zalewamy mlekiem.',15),
--
(58,'Drugie śniadanie','Kanapki z pesto',431,260,'Chleb żytni - 140 g, Papryka czerwona - 70 g, Sałata masłowa - 30 g, Pesto z bazylią - 20 g','Chleb smarujemy pesto, nakładamy sałatę i paprykę.',15),
--
(59,'Obiad','Kasza jaglana z jabłkami i cynamonem',380,421,'Jabłko - dwie sztuki, bez ogryzka (360 g),Kasza jaglana - 50 g, Rodzynki - 1 łyżeczka (7 g), , Cynamon - 1 łyżeczka (4 g) ','Kaszę jaglaną przelewamy na sitku zimną, a następnie wrzącą wodą. Gotujemy pod przykryciem w 125g lekko posolonej wody, z dodatkiem rodzynek i obranych i pokrojonych jabłek. Pod koniec dodajemy cynamon. Najlepiej smakuje na zimno.
',15),
--
(60,'Kolacja','Jajka faszerowane pieczarkami',392, 330,'Jaja kurze całe - 5 sztuk klasy L (325 g), Cebula - jedna średnia (150 g), Pieczarka świeża - 100 g, ,Majonez lekki (light) - 80 g, Masło - 5 g','Jajka gotujemy na twardo. Gdy będą gotowe obieramy ze skorupki i kroimy na połowy. Z każdej wydrążamy żółtka, które wkładamy do miski aby czekały na resztę przyjaciół. Kroimy pieczarki na mniejsze kawałki i cebulę w kostkę. Następnie podsmażamy je na maśle. Żółtka gnieciemy widelcem i dodajemy wystudzone pieczarki wraz z cebulą. Aby wszystko scalić w całość dodajemy majonez i mieszamy. Po uzyskaniu jednolitej konsystencji wracamy do naszych białek jaj. W wcześniej wydrążone dziury nakładamy naszą masę, którą przyrządziliśmy przed chwilą. Aby uzyskać pełnię smaku należy dać się oswoić produktom w lodówce przez kilka minut. ',15),
--
--
-- --
(61,'Śniadanie','Koktajl jabłko, pomarańcza, marchew ',291,615,'Jabłko - 2 sztuki (360 g), Pomarańcze - jedna sztuka (240 g), Marchew - 1 sztuka (15 g)','Całość zblendować.',16),
--
(62,'Drugie śniadanie','Kefir z dzemem',266 ,470,'Kefir, 2% tluszczu - 440 g, Dżem truskawkowy niskosłodzony - 30 g','1. Wymieszaj składniki',16),
--
(63,'Obiad','Placuszki bananowe',625,400 ,'Banan - 2 sztuki (240 g),Jaja kurze całe - 2 sztuki (100 g), Mąka pszenna pełnoziarnista - 2 łyżki (50 g), Olej rzepakowy - jedna łyżka (10 g) ','Banany rozgnieść w misce widelcem.
Dodać jajka i mąkę, dokładnie wymieszać.
Smażyć na niewielkiej ilości oleju placki z jednej łyżki stołowej.
',16),
--
(64,'Kolacja','Sałatka z kalafiora z gruszkami',207, 375,'Kalafior - 150 g, Gruszka - 125 g, Jogurt naturalny 2% - 70 g, Sok pomarańczowy - 2 łyżki (20 g) ','Kalafiora myjemy, dzielimy na różyczki i gotujemy w wodzie aż zmiękną (ale uważamy, żeby się nie rozgotowały). Gruszki obieramy, kroimy w kostkę i mieszamy z kalafiorem. Następnie dodajemy jogurt, sok pomarańczowy i oliwę, całość mieszamy. Na talerzu układamy liście sałaty, posypujemy rzeżuchą i nakładamy gotową sałatkę.',16),
--
--
--
(65,'Śniadanie','Owsianka z miodem, jabłkiem i orzechami',475,452,'Mleko krowie 1,5% - 200 ml, Jabłko - jedna sztuka (180 g), Płatki owsiane - 5 łyżek (50 g), Miód pszczeli - 1 łyżeczka (12 g), Orzechy włoskie - 1 łyżka (10 g)','Płatki gotujemy w mleku lub zostawiamy na noc do nasiąknięcia. jabłko i orzechy kroimy w drobną kostkę i dodajemy do płatek. Podajemy na ciepło lub na zimno
',17),
--
(66,'Drugie śniadanie','Shake szpinakowy',103,395,'Woda - 250 ml,Ananas - 80 g,Rzodkiewka - dwie sztuki (30 g),Imbir - 5 g','Całość miksujemy w blenderze.
Całość miksujemy w blenderze',17),
--
(67,'Obiad','Komosa ryżowa na mleku migdałowym z malinami',381,520,'Mleko migdałowe - 240 g, Jabłko - 150 g, Quinoa (komosa ryżowa) - 70 g, Malina - 60 g','Komosę ugotuj na mleku migdałowym.
Pod koniec gotowania dodaj maliny.
Przełóż do miseczki i wkrój jabłko.
',17),
-- --
(68 ,'Kolacja','Płatki ryżowe z bananem',359,277,'Banan - 1 średnia sztuka (120 g), Mleko krowie 1,5% - 100 ml, Płatki ryżowe - 4 łyżki (50 g), Ksylitol - 1 łyżeczka (7 g)','Płatki ryżowe z mlekiem zagotuj w garnku, aż potrawa zgęstnieje.
Przelej potrawę do miski, dodaj łyżeczkę ksylitolu i wymieszaj.
Banana pokrój w plastry i połóż na płatkach ryżowych.',17),
--
--
(69,'Śniadanie','Melon',133,360,'Melon - 360 g','-',18),
--
(70,'Drugie śniadanie','Serek z brzoskwinią (bezglutenowy)',228,307,'Serek homogenizowany naturalny, 0% tłuszczu, Brzoskwinia - 85 g, Miód pszczeli - 12 g, Płatki jaglane - 10 g','Brzoskwinię kroimy na małe kawałki i mieszamy z pozostałymi składnikami.
',18),
--
(71,'Obiad','Naleśnik z dżemem',692,252,'Dżem morelowy niskosłodzony - 3 łyżki (100 g), Mąka pszenna typ 500 - 6 łyżek stołowowych (72 g), Jaja kurze całe - 1 sztuka (50 g), Olej rzepakowy - Łyżka stołowa (20 g), Cukier - 2 łyżeczki (10 g)','Składniki miksujemy z dodatkiem odrobiny wody (do uzyskania odpowiedniej konsystencji, pozwalającej na wylanie zawartości na patelnię) i smażymy całość na średnim ogniu na oleju. W efekcie otrzymujemy jeden gruby naleśnik. Po przełożeniu na talerz smarujemy dżemem niskosłodzonym - proponujemy morelowy, ale świetnie sprawdzi się każdy niskosłodzony dżem.
',18),
--
(72,'Kolacja','Kasza jaglana z fasolą i warzywami',507,482,'Pomidory - 120 g, Czerwona fasola (konserwowa) - 120 g, Jarmuż - 100 g, Kasza jaglana - 70 g','Gotujemy kaszę, jarmuż gotujemy na parze ok. 10 minut. Warzywa kroimy. Całość mieszamy.',18),
--
--
--
(73,'Śniadanie','Kanapka z masłem, kabanosem i rzodkiewką',146,80,'Chleb żytni - jedna kromka (35 g),Rzodkiewka - 2 sztuki (30 g),Kabanosy z kurczaka - pół kawałka (10 g),Masło - pół łyżeczki (5 g)','-',19),
--
(74,'Drugie śniadanie','Koktajl z borówek',96,355,'Mleko krowie 1,5% - 250 ml, Borówka amerykańska - 100 g, Nasiona chia - 5 g','Całość miksujemy w blenderze.
Całość miksujemy w blenderze',19),
--
(75,'Obiad','Chłodnik z soku z buraka (wersja lżejsza)',158,160,'Jogurt naturalny 2% - pół małego opakowania ,Jaja kurze całe - 1 sztuka S (50 g),Sok z buraków - 50 g, Rzodkiewka - 3 sztuki (45 g),Ogórek gruntowy - pół sztuki (20 g),Kiełki brokuła - 2 łyżki (16 g)','Do miski wkładamy i delikatnie mieszamy: - Jajko gotowane na twardo pokrojone w dużą kostkę; - Obranego ogórka - startego na tarce o dużych oczkach i odsączonego; - Rzodkiewki pokrojone w plasterki; - Kiełki brokuła; - Jogurt; - Sok z buraka; - Sól i pieprz do smaku;
',19),
-- --
 (76,'Kolacja','Kanapki z szynką z indyka, sałatą i pomidorami',379,430,'Pomidory - 1 sztuka (170 g), Chleb żytni - 3 kromki (105 g), Szynka z indyka - 3 plasterki (40 g), Sałata - 3 liście (15 g), Masło - 10 g ',' Kanapki smarujemy masłem. Nakładamy sałatę, szynkę i pomidory. Posypujemy pieprzem.',19),
--
--
--
(77,'Śniadanie','Kanapka z masłem, kabanosem i rzodkiewką',146,80,'Chleb żytni - jedna kromka (35 g),Rzodkiewka - 2 sztuki (30 g),Kabanosy z kurczaka - pół kawałka (10 g),Masło - pół łyżeczki (5 g)','-',20),
--
(78,'Drugie śniadanie','Shake szpinakowy',103,395,'Woda - 250 ml,Ananas - 80 g,Rzodkiewka - dwie sztuki (30 g),Imbir - 5 g','Całość miksujemy w blenderze.
Całość miksujemy w blenderze',20),
--
(79,'Obiad','Chłodnik z soku z buraka (wersja lżejsza)',300,160,'Jogurt naturalny 4% - pół małego opakowania ,Jaja kurze całe - 2 sztuka S (150 g),Sok z buraków - 50 g, Rzodkiewka - 3 sztuki (45 g),Ogórek gruntowy - pół sztuki (20 g),Kiełki brokuła - 2 łyżki (16 g)','Do miski wkładamy i delikatnie mieszamy: - Jajko gotowane na twardo pokrojone w dużą kostkę; - Obranego ogórka - startego na tarce o dużych oczkach i odsączonego; - Rzodkiewki pokrojone w plasterki; - Kiełki brokuła; - Jogurt; - Sok z buraka; - Sól i pieprz do smaku;
',20),
--
(80,'Kolacja','Kanapki z szynką z indyka, sałatą i pomidorami',379,430,'Pomidory - 1 sztuka (170 g), Chleb żytni - 3 kromki (105 g), Szynka z indyka - 3 plasterki (40 g), Sałata - 3 liście (15 g), Masło - 10 g ',' Kanapki smarujemy masłem. Nakładamy sałatę, szynkę i pomidory. Posypujemy pieprzem.',20),
--
--
--
(81,'Śniadanie','Wafle ryżowe z miodem i jabłkiem',528,398,'Jabłko - 2x jedna sztuka (300 g), Miód pszczeli - 2x jedna łyżka (48 g),Krążki ryżowe - 2x 2 sztuki (40 g), Masło - 2x pół łyżeczki (10 g)  ','Wafle ryżowe posmaruj masłem i miodem.
Zjedz z jabłkiem.',21),
--
(82,'Drugie śniadanie','Shake szpinakowy',103,395,'Woda - 250 ml,Ananas - 80 g,Rzodkiewka - dwie sztuki (30 g),Imbir - 5 g','Całość miksujemy w blenderze.
Całość miksujemy w blenderze',21),
--
(83,'Obiad','Risotto z groszkiem i grzybami',361,240,'Pieczarka świeża - 80 g, Ryż brązowy - 60 g, Cebula - 30 g, Olej rzepakowy - 10 g','Cebulę podsmażamy na oleju, dodajemy pokrojone w paski grzyby. Wrzucamy ugotowany wcześniej ryż, groszek i przyprawiamy dla smaku pieprzem i solą.
',21),
--
(84,'Kolacja','Kasza jaglana z fasolą i warzywami',507,482,'Pomidory - 120 g, Czerwona fasola (konserwowa) - 120 g, Jarmuż - 100 g, Kasza jaglana - 70 g','Gotujemy kaszę, jarmuż gotujemy na parze ok. 10 minut. Warzywa kroimy. Całość mieszamy.',21),
--
--


-- ------------------------------------------------------------------------------


(85,'Śniadanie','Jabłuszka w cieście',806,462,'Mąka pszenna typ 500 - 2,5 szklanki (350 g), Jabłko - 2 jabłka (300 g), Mleko krowie 3,2% - szklanka (250 g), Cynamon - dwie czubate łyżeczki (5g do ciasta i 5g do posypki) (10 g), Olej rzepakowy - 1 łyżka (10 g)
 ','1. Myjemy jabłka i obieramy ze skóry.

2. Kroimy w średniej wielkości plastry.

3. Przygotowujemy ciasto o konsystencji gęstej od ciasta na naleśniki dodając szczyptę cynamonu.

4. Smażymy wszystko na rozgrzanym oleju.

5. Odsączamy zbędny tłuszcz kładąc jabłka w cieście na ręcznikach papierowych i posypujemy mieszanką cukru pudru z cynamonem.

Przepis dodany przez ',22),
--
(86,'Drugie śniadanie','Jaglanka z bananem, amarantusem i rodzynkami (wersja bez laktozy)',542,436,'Mleko ryżowe - 250 ml, Banan - jedna sztuka (120 g), Płatki jaglane - 6 łyżek (60 g), Rodzynki - 2 łyżki (22 g), Amarantus ekspandowany - 2 łyżki (6 g), Nasiona chia - jedna łyżeczka (5 g)','Rodzynki płuczemy na sitku zimną wodą, następnie przelewamy wrzątkiem. Całość wsypujemy do miski i zalewamy mlekiem.',22),
--
(87,'Obiad','Makaron z gorgonzolą',1296,469,'Makaron penne (pełnoziarnisty) - 200 g, Gruszka - 1 sztuka (130 g), Ser gorgonzola - 100 g, Orzechy włoskie - 1 garść (30 g) ','Makaron gotujemy al dente, nim się zagotuje delikatnie podgrzewamy na patelni pokrojoną w kostkę gruszkę. Do odcedzonego makaronu wrzucamy ser, gruszki i posiekane orzechy włoskie.
',22),
--
(88,'Kolacja','Jajka faszerowane pieczarkami',392, 330,'Jaja kurze całe - 5 sztuk klasy L (325 g), Cebula - jedna średnia (150 g), Pieczarka świeża - 100 g, ,Majonez lekki (light) - 80 g, Masło - 5 g','Jajka gotujemy na twardo. Gdy będą gotowe obieramy ze skorupki i kroimy na połowy. Z każdej wydrążamy żółtka, które wkładamy do miski aby czekały na resztę przyjaciół. Kroimy pieczarki na mniejsze kawałki i cebulę w kostkę. Następnie podsmażamy je na maśle. Żółtka gnieciemy widelcem i dodajemy wystudzone pieczarki wraz z cebulą. Aby wszystko scalić w całość dodajemy majonez i mieszamy. Po uzyskaniu jednolitej konsystencji wracamy do naszych białek jaj. W wcześniej wydrążone dziury nakładamy naszą masę, którą przyrządziliśmy przed chwilą. Aby uzyskać pełnię smaku należy dać się oswoić produktom w lodówce przez kilka minut. ',22),
--
--
--

(89,'Śniadanie','Koktajl jabłko, pomarańcza, marchew ',291,615,'Jabłko - 2 sztuki (360 g), Pomarańcze - jedna sztuka (240 g), Marchew - 1 sztuka (15 g)','Całość zblendować.',23),
--
(90,'Drugie śniadanie','Mieszanka orzechowo - sezamowa',740 ,192,'Sezam - 2x 3 łyżki (60 g), Suszona żurawina - 50 g, Woda - 2x 3 łyżki (36 ml), Migdały - 20 g,Kakao w proszku - 2x 1 łyżka (14 g), Miód pszczeli - 2x 0,5 łyżeczki (12 g) ','Całość mieszamy w misce.',23),
--
(91,'Obiad','Placuszki bananowe',625,400 ,'Banan - 2 sztuki (240 g),Jaja kurze całe - 2 sztuki (100 g), Mąka pszenna pełnoziarnista - 2 łyżki (50 g), Olej rzepakowy - jedna łyżka (10 g) ','Banany rozgnieść w misce widelcem.
Dodać jajka i mąkę, dokładnie wymieszać.
Smażyć na niewielkiej ilości oleju placki z jednej łyżki stołowej.
',23),
--
(92,'Kolacja','Sałatka z kalafiora z gruszkami',207, 375,'Kalafior - 150 g, Gruszka - 125 g, Jogurt naturalny 2% - 70 g, Sok pomarańczowy - 2 łyżki (20 g) ','Kalafiora myjemy, dzielimy na różyczki i gotujemy w wodzie aż zmiękną (ale uważamy, żeby się nie rozgotowały). Gruszki obieramy, kroimy w kostkę i mieszamy z kalafiorem. Następnie dodajemy jogurt, sok pomarańczowy i oliwę, całość mieszamy. Na talerzu układamy liście sałaty, posypujemy rzeżuchą i nakładamy gotową sałatkę.', 23),
--
--
--


(93,'Śniadanie','Owsianka z miodem, jabłkiem i orzechami',475,452,'Mleko krowie 1,5% - 200 ml, Jabłko - jedna sztuka (180 g), Płatki owsiane - 5 łyżek (50 g), Miód pszczeli - 1 łyżeczka (12 g), Orzechy włoskie - 1 łyżka (10 g)','Płatki gotujemy w mleku lub zostawiamy na noc do nasiąknięcia. jabłko i orzechy kroimy w drobną kostkę i dodajemy do płatek. Podajemy na ciepło lub na zimno
',24),
--
(94,'Drugie śniadanie','Shake szpinakowy',103,395,'Woda - 250 ml,Ananas - 80 g,Rzodkiewka - dwie sztuki (30 g),Imbir - 5 g','Całość miksujemy w blenderze.
Całość miksujemy w blenderze',24),
--
(95,'Obiad','Makaron z gorgonzolą',1296,460,'Makaron penne (pełnoziarnisty) - 200 g, Gruszka - 1 sztuka (130 g), Ser gorgonzola - 100 g, Orzechy włoskie - 1 garść (30 g) ','Makaron gotujemy al dente, nim się zagotuje delikatnie podgrzewamy na patelni pokrojoną w kostkę gruszkę. Do odcedzonego makaronu wrzucamy ser, gruszki i posiekane orzechy włoskie.
',24),
-- --
(96 ,'Kolacja','Płatki ryżowe z bananem',359,277,'Banan - 1 średnia sztuka (120 g), Mleko krowie 1,5% - 100 ml, Płatki ryżowe - 4 łyżki (50 g), Ksylitol - 1 łyżeczka (7 g)','Płatki ryżowe z mlekiem zagotuj w garnku, aż potrawa zgęstnieje.
Przelej potrawę do miski, dodaj łyżeczkę ksylitolu i wymieszaj.
Banana pokrój w plastry i połóż na płatkach ryżowych.',24),
--
--
(97,'Śniadanie','Jabłuszka w cieście',806,460,'Mąka pszenna typ 500 - 2,5 szklanki (350 g), Jabłko - 2 jabłka (300 g), Mleko krowie 3,2% - szklanka (250 g), Cynamon - dwie czubate łyżeczki (5g do ciasta i 5g do posypki) (10 g), Olej rzepakowy - 1 łyżka (10 g), Soda oczyszczona - łyżeczka (4 g)','1. Myjemy jabłka i obieramy ze skóry.

2. Kroimy w średniej wielkości plastry.

3. Przygotowujemy ciasto o konsystencji gęstej od ciasta na naleśniki dodając szczyptę cynamonu.

4. Smażymy wszystko na rozgrzanym oleju.

5. Odsączamy zbędny tłuszcz kładąc jabłka w cieście na ręcznikach papierowych i posypujemy mieszanką cukru pudru z cynamonem.',25),
--
(98,'Drugie śniadanie','Czekoladowe kulki mocy',720,307,'Daktyle suszone - 1 szklanka (200 g), Orzechy włoskie - 0,5 szklanki (100 g), Migdały - 0,5 szklanki (100 g), Kakao w proszku - 0,25 szklanki (50 g), Wiórki kokosowe - 0,25 szklanki (20 g), Woda - 1 łyżka (15 ml), Aromat waniliowy - 1 łyżka (15 g)','Dodaj wszystkie składniki do robota kuchennego i miksuj aż do uzyskania zwartej masy., 2. Z masy formuj kulki wielkości pralinek, obtocz w wiórkach kokosowych. 3. Kulki schowaj do lodówki na co najmniej 30 min aby stwardniały
',25),
--
(99,'Obiad','Naleśnik z dżemem',692,252,'Dżem morelowy niskosłodzony - 3 łyżki (100 g), Mąka pszenna typ 500 - 6 łyżek stołowowych (72 g), Jaja kurze całe - 1 sztuka (50 g), Olej rzepakowy - Łyżka stołowa (20 g), Cukier - 2 łyżeczki (10 g)','Składniki miksujemy z dodatkiem odrobiny wody (do uzyskania odpowiedniej konsystencji, pozwalającej na wylanie zawartości na patelnię) i smażymy całość na średnim ogniu na oleju. W efekcie otrzymujemy jeden gruby naleśnik. Po przełożeniu na talerz smarujemy dżemem niskosłodzonym - proponujemy morelowy, ale świetnie sprawdzi się każdy niskosłodzony dżem.
',25),
--
(100,'Kolacja','Kasza jaglana z fasolą i warzywami',507,482,'Pomidory - 120 g, Czerwona fasola (konserwowa) - 120 g, Jarmuż - 100 g, Kasza jaglana - 70 g','Gotujemy kaszę, jarmuż gotujemy na parze ok. 10 minut. Warzywa kroimy. Całość mieszamy.',25),
--
--
--
(101,'Śniadanie','Jabłuszka w cieście',806,460,'Mąka pszenna typ 500 - 2,5 szklanki (350 g), Jabłko - 2 jabłka (300 g), Mleko krowie 3,2% - szklanka (250 g), Cynamon - dwie czubate łyżeczki (5g do ciasta i 5g do posypki) (10 g), Olej rzepakowy - 1 łyżka (10 g), Soda oczyszczona - łyżeczka (4 g)','1. Myjemy jabłka i obieramy ze skóry.

2. Kroimy w średniej wielkości plastry.

3. Przygotowujemy ciasto o konsystencji gęstej od ciasta na naleśniki dodając szczyptę cynamonu.

4. Smażymy wszystko na rozgrzanym oleju.

5. Odsączamy zbędny tłuszcz kładąc jabłka w cieście na ręcznikach papierowych i posypujemy mieszanką cukru pudru z cynamonem.',26),
--
(102,'Drugie śniadanie','Czekoladowe kulki mocy',720,307,'Daktyle suszone - 1 szklanka (200 g), Orzechy włoskie - 0,5 szklanki (100 g), Migdały - 0,5 szklanki (100 g), Kakao w proszku - 0,25 szklanki (50 g), Wiórki kokosowe - 0,25 szklanki (20 g), Woda - 1 łyżka (15 ml), Aromat waniliowy - 1 łyżka (15 g)','Dodaj wszystkie składniki do robota kuchennego i miksuj aż do uzyskania zwartej masy., 2. Z masy formuj kulki wielkości pralinek, obtocz w wiórkach kokosowych. 3. Kulki schowaj do lodówki na co najmniej 30 min aby stwardniały
',26),
--
(103,'Obiad','Naleśnik z dżemem',692,252,'Dżem morelowy niskosłodzony - 3 łyżki (100 g), Mąka pszenna typ 500 - 6 łyżek stołowowych (72 g), Jaja kurze całe - 1 sztuka (50 g), Olej rzepakowy - Łyżka stołowa (20 g), Cukier - 2 łyżeczki (10 g)','Składniki miksujemy z dodatkiem odrobiny wody (do uzyskania odpowiedniej konsystencji, pozwalającej na wylanie zawartości na patelnię) i smażymy całość na średnim ogniu na oleju. W efekcie otrzymujemy jeden gruby naleśnik. Po przełożeniu na talerz smarujemy dżemem niskosłodzonym - proponujemy morelowy, ale świetnie sprawdzi się każdy niskosłodzony dżem.
',26),
--
(104,'Kolacja','Kasza jaglana z fasolą i warzywami',507,482,'Pomidory - 120 g, Czerwona fasola (konserwowa) - 120 g, Jarmuż - 100 g, Kasza jaglana - 70 g','Gotujemy kaszę, jarmuż gotujemy na parze ok. 10 minut. Warzywa kroimy. Całość mieszamy.',26),
--
--
--

(105,'Śniadanie','Kanapka z masłem, kabanosem i rzodkiewką',146,80,'Chleb żytni - jedna kromka (35 g),Rzodkiewka - 2 sztuki (30 g),Kabanosy z kurczaka - pół kawałka (10 g),Masło - pół łyżeczki (5 g)','-',27),
--
(106,'Drugie śniadanie','Shake szpinakowy',103,395,'Woda - 250 ml,Ananas - 80 g,Rzodkiewka - dwie sztuki (30 g),Imbir - 5 g','Całość miksujemy w blenderze.
Całość miksujemy w blenderze',27),
--
(107,'Obiad','Chłodnik z soku z buraka (wersja lżejsza)',300,160,'Jogurt naturalny 4% - pół małego opakowania ,Jaja kurze całe - 2 sztuka S (150 g),Sok z buraków - 50 g, Rzodkiewka - 3 sztuki (45 g),Ogórek gruntowy - pół sztuki (20 g),Kiełki brokuła - 2 łyżki (16 g)','Do miski wkładamy i delikatnie mieszamy: - Jajko gotowane na twardo pokrojone w dużą kostkę; - Obranego ogórka - startego na tarce o dużych oczkach i odsączonego; - Rzodkiewki pokrojone w plasterki; - Kiełki brokuła; - Jogurt; - Sok z buraka; - Sól i pieprz do smaku;
',27),
--
(108,'Kolacja','Makaron po tajsku z kurczakiem',898,579,'Filet z piersi kurczaka - jedna sztuka (200 g), Mieszanka chińska mrożona - 100 g, Makaron ryżowy - 100 g, Jaja kurze całe - 1 sztuka (60 g), Sos chilli słodki - 2 łyżki (30 g), Sos sojowy jasny - 2 łyżki (20 g), Groszek zielony - 20 g, Kiełki słonecznika - 2 łyżki (16 g), Orzechy arachidowe (ziemne) - 1 łyżka (15 g), Olej rzepakowy - 10 g','1. Makaron przyrządzamy według przepisu na opakowaniu. 2. Na rozgrzanym oleju smażymy pokrojonego w kostkę kurczaka i przekładamy na talerz. 3. Na tym samym tłuszczu smażymy mieszankę chińską, oraz groszek, aż będą chrupiące. 4. Dodajemy mięso i makaron, wbijamy jajko i mieszamy. 5. Pod koniec dodajemy kiełki, cukier, sosy i posypujemy posiekanymi orzeszkami i szczypiorkiem.',27),
--
--
--
(109,'Śniadanie','Kanapka z masłem, kabanosem i rzodkiewką',146,80,'Chleb żytni - jedna kromka (35 g),Rzodkiewka - 2 sztuki (30 g),Kabanosy z kurczaka - pół kawałka (10 g),Masło - pół łyżeczki (5 g)','-',28),
--
(110,'Drugie śniadanie','Shake szpinakowy',103,395,'Woda - 250 ml,Ananas - 80 g,Rzodkiewka - dwie sztuki (30 g),Imbir - 5 g','Całość miksujemy w blenderze.
Całość miksujemy w blenderze',28),
--
(111,'Obiad','Chłodnik z soku z buraka (wersja lżejsza)',300,160,'Jogurt naturalny 4% - pół małego opakowania ,Jaja kurze całe - 2 sztuka S (150 g),Sok z buraków - 50 g, Rzodkiewka - 3 sztuki (45 g),Ogórek gruntowy - pół sztuki (20 g),Kiełki brokuła - 2 łyżki (16 g)','Do miski wkładamy i delikatnie mieszamy: - Jajko gotowane na twardo pokrojone w dużą kostkę; - Obranego ogórka - startego na tarce o dużych oczkach i odsączonego; - Rzodkiewki pokrojone w plasterki; - Kiełki brokuła; - Jogurt; - Sok z buraka; - Sól i pieprz do smaku;
',28),
--
(112,'Kolacja','Makaron po tajsku z kurczakiem',898,579,'Filet z piersi kurczaka - jedna sztuka (200 g), Mieszanka chińska mrożona - 100 g, Makaron ryżowy - 100 g, Jaja kurze całe - 1 sztuka (60 g), Sos chilli słodki - 2 łyżki (30 g), Sos sojowy jasny - 2 łyżki (20 g), Groszek zielony - 20 g, Kiełki słonecznika - 2 łyżki (16 g), Orzechy arachidowe (ziemne) - 1 łyżka (15 g), Olej rzepakowy - 10 g','1. Makaron przyrządzamy według przepisu na opakowaniu. 2. Na rozgrzanym oleju smażymy pokrojonego w kostkę kurczaka i przekładamy na talerz. 3. Na tym samym tłuszczu smażymy mieszankę chińską, oraz groszek, aż będą chrupiące. 4. Dodajemy mięso i makaron, wbijamy jajko i mieszamy. 5. Pod koniec dodajemy kiełki, cukier, sosy i posypujemy posiekanymi orzeszkami i szczypiorkiem.',28),
--
--
--





-- --------------------------------------------------------------------------------------------------------------





(113,'Śniadanie','Omlet śniadaniowy z bananem',719,329,'Banan - 1 sztuka (120 g), Jaja kurze całe - 2 sztuki M (112 g), Płatki owsiane - 6 łyżek (60 g), Orzechy włoskie - 1 łyżka (15 g), Olej rzepakowy - 1 łyżka (10 g), Rodzynki - 1 łyżeczka (7 g), Kakao w proszku - 1 łyżeczka (5 g)
 ','Wsypać wszystkie składniki do pojemnika, wbić jajka, zmiksować blenderem, smażyć na oleju do ścięcia ok 10 min, przerzucić na drugą stronę na 2min.',29),
--
(114,'Drugie śniadanie','Jaglanka z bananem, amarantusem i rodzynkami (wersja bez laktozy)',542,436,'Mleko ryżowe - 250 ml, Banan - jedna sztuka (120 g), Płatki jaglane - 6 łyżek (60 g), Rodzynki - 2 łyżki (22 g), Amarantus ekspandowany - 2 łyżki (6 g), Nasiona chia - jedna łyżeczka (5 g)','Rodzynki płuczemy na sitku zimną wodą, następnie przelewamy wrzątkiem. Całość wsypujemy do miski i zalewamy mlekiem.',29),
--
(115,'Obiad','Makaron z kurczakiem i brokułem (wersja bezglutenowa)',809, 628,' Brokuły - 250 g, Filet z piersi kurczaka - 150 g, Cebula - 100 g, Makaron kukurydziany - 100 g','Brokuła gotujemy na parze. Makaron przygotowujemy wg przepisu na opakowaniu. Kurczaka i cebulę kroimy w kostkę i smażymy na oleju. Dodajemy makaron i brokuła i posypujemy przyprawami.
',29),

(116,'Podwieczorek','Jajka faszerowane pieczarkami',329, 330,'Jaja kurze całe - 5 sztuk klasy L (325 g), Cebula - jedna średnia (150 g), Pieczarka świeża - 100 g, Majonez lekki (light) - 80 g, Masło - 5 g ','Jajka gotujemy na twardo. Gdy będą gotowe obieramy ze skorupki i kroimy na połowy. Z każdej wydrążamy żółtka, które wkładamy do miski aby czekały na resztę przyjaciół. Kroimy pieczarki na mniejsze kawałki i cebulę w kostkę. Następnie podsmażamy je na maśle. Żółtka gnieciemy widelcem i dodajemy wystudzone pieczarki wraz z cebulą. Aby wszystko scalić w całość dodajemy majonez i mieszamy. Po uzyskaniu jednolitej konsystencji wracamy do naszych białek jaj. W wcześniej wydrążone dziury nakładamy naszą masę, którą przyrządziliśmy przed chwilą. Aby uzyskać pełnię smaku należy dać się oswoić produktom w lodówce przez kilka minut.
',29),

(117,'Kolacja','Jajka faszerowane pieczarkami',392, 330,'Jaja kurze całe - 5 sztuk klasy L (325 g), Cebula - jedna średnia (150 g), Pieczarka świeża - 100 g, ,Majonez lekki (light) - 80 g, Masło - 5 g','Jajka gotujemy na twardo. Gdy będą gotowe obieramy ze skorupki i kroimy na połowy. Z każdej wydrążamy żółtka, które wkładamy do miski aby czekały na resztę przyjaciół. Kroimy pieczarki na mniejsze kawałki i cebulę w kostkę. Następnie podsmażamy je na maśle. Żółtka gnieciemy widelcem i dodajemy wystudzone pieczarki wraz z cebulą. Aby wszystko scalić w całość dodajemy majonez i mieszamy. Po uzyskaniu jednolitej konsystencji wracamy do naszych białek jaj. W wcześniej wydrążone dziury nakładamy naszą masę, którą przyrządziliśmy przed chwilą. Aby uzyskać pełnię smaku należy dać się oswoić produktom w lodówce przez kilka minut. ',29),
--
--
--
(118,'Śniadanie','Jabłuszka w cieście',806,462,'Mąka pszenna typ 500 - 2,5 szklanki (350 g), Jabłko - 2 jabłka (300 g), Mleko krowie 3,2% - szklanka (250 g), Cynamon - dwie czubate łyżeczki (5g do ciasta i 5g do posypki) (10 g), Olej rzepakowy - 1 łyżka (10 g)
 ','1. Myjemy jabłka i obieramy ze skóry.

2. Kroimy w średniej wielkości plastry.

3. Przygotowujemy ciasto o konsystencji gęstej od ciasta na naleśniki dodając szczyptę cynamonu.

4. Smażymy wszystko na rozgrzanym oleju.

5. Odsączamy zbędny tłuszcz kładąc jabłka w cieście na ręcznikach papierowych i posypujemy mieszanką cukru pudru z cynamonem.

Przepis dodany przez ',30),
(119,'Drugie śniadanie','Jaglanka z figami (bez laktozy)',487,339,'','Rodzynki płuczemy na sitku zimną wodą, następnie przelewamy wrzątkiem. Całość wsypujemy do miski i zalewamy mlekiem.',30),
--
(120,'Obiad','Makaron z kurczakiem i brokułem (wersja bezglutenowa)',809, 628,' Brokuły - 250 g, Filet z piersi kurczaka - 150 g, Cebula - 100 g, Makaron kukurydziany - 100 g','Brokuła gotujemy na parze. Makaron przygotowujemy wg przepisu na opakowaniu. Kurczaka i cebulę kroimy w kostkę i smażymy na oleju. Dodajemy makaron i brokuła i posypujemy przyprawami.
',30),

(121,'Podwieczorek','Jajka faszerowane pieczarkami',329, 330,'Jaja kurze całe - 5 sztuk klasy L (325 g), Cebula - jedna średnia (150 g), Pieczarka świeża - 100 g, Majonez lekki (light) - 80 g, Masło - 5 g ','Jajka gotujemy na twardo. Gdy będą gotowe obieramy ze skorupki i kroimy na połowy. Z każdej wydrążamy żółtka, które wkładamy do miski aby czekały na resztę przyjaciół. Kroimy pieczarki na mniejsze kawałki i cebulę w kostkę. Następnie podsmażamy je na maśle. Żółtka gnieciemy widelcem i dodajemy wystudzone pieczarki wraz z cebulą. Aby wszystko scalić w całość dodajemy majonez i mieszamy. Po uzyskaniu jednolitej konsystencji wracamy do naszych białek jaj. W wcześniej wydrążone dziury nakładamy naszą masę, którą przyrządziliśmy przed chwilą. Aby uzyskać pełnię smaku należy dać się oswoić produktom w lodówce przez kilka minut.
',30),

(122,'Kolacja','Jajka faszerowane pieczarkami',392, 330,'Jaja kurze całe - 5 sztuk klasy L (325 g), Cebula - jedna średnia (150 g), Pieczarka świeża - 100 g, ,Majonez lekki (light) - 80 g, Masło - 5 g','Jajka gotujemy na twardo. Gdy będą gotowe obieramy ze skorupki i kroimy na połowy. Z każdej wydrążamy żółtka, które wkładamy do miski aby czekały na resztę przyjaciół. Kroimy pieczarki na mniejsze kawałki i cebulę w kostkę. Następnie podsmażamy je na maśle. Żółtka gnieciemy widelcem i dodajemy wystudzone pieczarki wraz z cebulą. Aby wszystko scalić w całość dodajemy majonez i mieszamy. Po uzyskaniu jednolitej konsystencji wracamy do naszych białek jaj. W wcześniej wydrążone dziury nakładamy naszą masę, którą przyrządziliśmy przed chwilą. Aby uzyskać pełnię smaku należy dać się oswoić produktom w lodówce przez kilka minut. ',30),
--



(123,'Śniadanie','Omlet śniadaniowy z bananem',719,329,'Banan - 1 sztuka (120 g), Jaja kurze całe - 2 sztuki M (112 g), Płatki owsiane - 6 łyżek (60 g), Orzechy włoskie - 1 łyżka (15 g), Olej rzepakowy - 1 łyżka (10 g), Rodzynki - 1 łyżeczka (7 g), Kakao w proszku - 1 łyżeczka (5 g)
 ','Wsypać wszystkie składniki do pojemnika, wbić jajka, zmiksować blenderem, smażyć na oleju do ścięcia ok 10 min, przerzucić na drugą stronę na 2min.',31),
--
(124,'Drugie śniadanie','Jaglanka z bananem, amarantusem i rodzynkami (wersja bez laktozy)',542,436,'Mleko ryżowe - 250 ml, Banan - jedna sztuka (120 g), Płatki jaglane - 6 łyżek (60 g), Rodzynki - 2 łyżki (22 g), Amarantus ekspandowany - 2 łyżki (6 g), Nasiona chia - jedna łyżeczka (5 g)','Rodzynki płuczemy na sitku zimną wodą, następnie przelewamy wrzątkiem. Całość wsypujemy do miski i zalewamy mlekiem.',31),
--
(125,'Obiad','Makaron z kurczakiem i brokułem (wersja bezglutenowa)',809, 628,' Brokuły - 250 g, Filet z piersi kurczaka - 150 g, Cebula - 100 g, Makaron kukurydziany - 100 g','Brokuła gotujemy na parze. Makaron przygotowujemy wg przepisu na opakowaniu. Kurczaka i cebulę kroimy w kostkę i smażymy na oleju. Dodajemy makaron i brokuła i posypujemy przyprawami.
',31),

(126,'Podwieczorek','Jajka faszerowane pieczarkami',329, 330,'Jaja kurze całe - 5 sztuk klasy L (325 g), Cebula - jedna średnia (150 g), Pieczarka świeża - 100 g, Majonez lekki (light) - 80 g, Masło - 5 g ','Jajka gotujemy na twardo. Gdy będą gotowe obieramy ze skorupki i kroimy na połowy. Z każdej wydrążamy żółtka, które wkładamy do miski aby czekały na resztę przyjaciół. Kroimy pieczarki na mniejsze kawałki i cebulę w kostkę. Następnie podsmażamy je na maśle. Żółtka gnieciemy widelcem i dodajemy wystudzone pieczarki wraz z cebulą. Aby wszystko scalić w całość dodajemy majonez i mieszamy. Po uzyskaniu jednolitej konsystencji wracamy do naszych białek jaj. W wcześniej wydrążone dziury nakładamy naszą masę, którą przyrządziliśmy przed chwilą. Aby uzyskać pełnię smaku należy dać się oswoić produktom w lodówce przez kilka minut.
',31),

(127,'Kolacja','Jajka faszerowane pieczarkami',392, 330,'Jaja kurze całe - 5 sztuk klasy L (325 g), Cebula - jedna średnia (150 g), Pieczarka świeża - 100 g, ,Majonez lekki (light) - 80 g, Masło - 5 g','Jajka gotujemy na twardo. Gdy będą gotowe obieramy ze skorupki i kroimy na połowy. Z każdej wydrążamy żółtka, które wkładamy do miski aby czekały na resztę przyjaciół. Kroimy pieczarki na mniejsze kawałki i cebulę w kostkę. Następnie podsmażamy je na maśle. Żółtka gnieciemy widelcem i dodajemy wystudzone pieczarki wraz z cebulą. Aby wszystko scalić w całość dodajemy majonez i mieszamy. Po uzyskaniu jednolitej konsystencji wracamy do naszych białek jaj. W wcześniej wydrążone dziury nakładamy naszą masę, którą przyrządziliśmy przed chwilą. Aby uzyskać pełnię smaku należy dać się oswoić produktom w lodówce przez kilka minut. ',31),
--



(128,'Śniadanie','Omlet śniadaniowy z bananem',719,329,'Banan - 1 sztuka (120 g), Jaja kurze całe - 2 sztuki M (112 g), Płatki owsiane - 6 łyżek (60 g), Orzechy włoskie - 1 łyżka (15 g), Olej rzepakowy - 1 łyżka (10 g), Rodzynki - 1 łyżeczka (7 g), Kakao w proszku - 1 łyżeczka (5 g)
 ','Wsypać wszystkie składniki do pojemnika, wbić jajka, zmiksować blenderem, smażyć na oleju do ścięcia ok 10 min, przerzucić na drugą stronę na 2min.',32),
--
(129,'Drugie śniadanie','Jaglanka z bananem, amarantusem i rodzynkami (wersja bez laktozy)',542,436,'Mleko ryżowe - 250 ml, Banan - jedna sztuka (120 g), Płatki jaglane - 6 łyżek (60 g), Rodzynki - 2 łyżki (22 g), Amarantus ekspandowany - 2 łyżki (6 g), Nasiona chia - jedna łyżeczka (5 g)','Rodzynki płuczemy na sitku zimną wodą, następnie przelewamy wrzątkiem. Całość wsypujemy do miski i zalewamy mlekiem.',32),
--
(130,'Obiad','Makaron z kurczakiem i brokułem (wersja bezglutenowa)',809, 628,' Brokuły - 250 g, Filet z piersi kurczaka - 150 g, Cebula - 100 g, Makaron kukurydziany - 100 g','Brokuła gotujemy na parze. Makaron przygotowujemy wg przepisu na opakowaniu. Kurczaka i cebulę kroimy w kostkę i smażymy na oleju. Dodajemy makaron i brokuła i posypujemy przyprawami.
',32),

(131,'Podwieczorek','Jajka faszerowane pieczarkami',329, 330,'Jaja kurze całe - 5 sztuk klasy L (325 g), Cebula - jedna średnia (150 g), Pieczarka świeża - 100 g, Majonez lekki (light) - 80 g, Masło - 5 g ','Jajka gotujemy na twardo. Gdy będą gotowe obieramy ze skorupki i kroimy na połowy. Z każdej wydrążamy żółtka, które wkładamy do miski aby czekały na resztę przyjaciół. Kroimy pieczarki na mniejsze kawałki i cebulę w kostkę. Następnie podsmażamy je na maśle. Żółtka gnieciemy widelcem i dodajemy wystudzone pieczarki wraz z cebulą. Aby wszystko scalić w całość dodajemy majonez i mieszamy. Po uzyskaniu jednolitej konsystencji wracamy do naszych białek jaj. W wcześniej wydrążone dziury nakładamy naszą masę, którą przyrządziliśmy przed chwilą. Aby uzyskać pełnię smaku należy dać się oswoić produktom w lodówce przez kilka minut.
',32),

(132,'Kolacja','Jajka faszerowane pieczarkami',392, 330,'Jaja kurze całe - 5 sztuk klasy L (325 g), Cebula - jedna średnia (150 g), Pieczarka świeża - 100 g, ,Majonez lekki (light) - 80 g, Masło - 5 g','Jajka gotujemy na twardo. Gdy będą gotowe obieramy ze skorupki i kroimy na połowy. Z każdej wydrążamy żółtka, które wkładamy do miski aby czekały na resztę przyjaciół. Kroimy pieczarki na mniejsze kawałki i cebulę w kostkę. Następnie podsmażamy je na maśle. Żółtka gnieciemy widelcem i dodajemy wystudzone pieczarki wraz z cebulą. Aby wszystko scalić w całość dodajemy majonez i mieszamy. Po uzyskaniu jednolitej konsystencji wracamy do naszych białek jaj. W wcześniej wydrążone dziury nakładamy naszą masę, którą przyrządziliśmy przed chwilą. Aby uzyskać pełnię smaku należy dać się oswoić produktom w lodówce przez kilka minut. ',32),
--



(133,'Śniadanie','Omlet śniadaniowy z bananem',719,329,'Banan - 1 sztuka (120 g), Jaja kurze całe - 2 sztuki M (112 g), Płatki owsiane - 6 łyżek (60 g), Orzechy włoskie - 1 łyżka (15 g), Olej rzepakowy - 1 łyżka (10 g), Rodzynki - 1 łyżeczka (7 g), Kakao w proszku - 1 łyżeczka (5 g)
 ','Wsypać wszystkie składniki do pojemnika, wbić jajka, zmiksować blenderem, smażyć na oleju do ścięcia ok 10 min, przerzucić na drugą stronę na 2min.',33),
--
(134,'Drugie śniadanie','Jaglanka z bananem, amarantusem i rodzynkami (wersja bez laktozy)',542,436,'Mleko ryżowe - 250 ml, Banan - jedna sztuka (120 g), Płatki jaglane - 6 łyżek (60 g), Rodzynki - 2 łyżki (22 g), Amarantus ekspandowany - 2 łyżki (6 g), Nasiona chia - jedna łyżeczka (5 g)','Rodzynki płuczemy na sitku zimną wodą, następnie przelewamy wrzątkiem. Całość wsypujemy do miski i zalewamy mlekiem.',33),
--
(135,'Obiad','Makaron z kurczakiem i brokułem (wersja bezglutenowa)',809, 628,' Brokuły - 250 g, Filet z piersi kurczaka - 150 g, Cebula - 100 g, Makaron kukurydziany - 100 g','Brokuła gotujemy na parze. Makaron przygotowujemy wg przepisu na opakowaniu. Kurczaka i cebulę kroimy w kostkę i smażymy na oleju. Dodajemy makaron i brokuła i posypujemy przyprawami.
',33),

(136,'Podwieczorek','Jajka faszerowane pieczarkami',329, 330,'Jaja kurze całe - 5 sztuk klasy L (325 g), Cebula - jedna średnia (150 g), Pieczarka świeża - 100 g, Majonez lekki (light) - 80 g, Masło - 5 g ','Jajka gotujemy na twardo. Gdy będą gotowe obieramy ze skorupki i kroimy na połowy. Z każdej wydrążamy żółtka, które wkładamy do miski aby czekały na resztę przyjaciół. Kroimy pieczarki na mniejsze kawałki i cebulę w kostkę. Następnie podsmażamy je na maśle. Żółtka gnieciemy widelcem i dodajemy wystudzone pieczarki wraz z cebulą. Aby wszystko scalić w całość dodajemy majonez i mieszamy. Po uzyskaniu jednolitej konsystencji wracamy do naszych białek jaj. W wcześniej wydrążone dziury nakładamy naszą masę, którą przyrządziliśmy przed chwilą. Aby uzyskać pełnię smaku należy dać się oswoić produktom w lodówce przez kilka minut.
',33),

(137,'Kolacja','Jajka faszerowane pieczarkami',392, 330,'Jaja kurze całe - 5 sztuk klasy L (325 g), Cebula - jedna średnia (150 g), Pieczarka świeża - 100 g, ,Majonez lekki (light) - 80 g, Masło - 5 g','Jajka gotujemy na twardo. Gdy będą gotowe obieramy ze skorupki i kroimy na połowy. Z każdej wydrążamy żółtka, które wkładamy do miski aby czekały na resztę przyjaciół. Kroimy pieczarki na mniejsze kawałki i cebulę w kostkę. Następnie podsmażamy je na maśle. Żółtka gnieciemy widelcem i dodajemy wystudzone pieczarki wraz z cebulą. Aby wszystko scalić w całość dodajemy majonez i mieszamy. Po uzyskaniu jednolitej konsystencji wracamy do naszych białek jaj. W wcześniej wydrążone dziury nakładamy naszą masę, którą przyrządziliśmy przed chwilą. Aby uzyskać pełnię smaku należy dać się oswoić produktom w lodówce przez kilka minut. ',33),
--



(138,'Śniadanie','Omlet śniadaniowy z bananem',719,329,'Banan - 1 sztuka (120 g), Jaja kurze całe - 2 sztuki M (112 g), Płatki owsiane - 6 łyżek (60 g), Orzechy włoskie - 1 łyżka (15 g), Olej rzepakowy - 1 łyżka (10 g), Rodzynki - 1 łyżeczka (7 g), Kakao w proszku - 1 łyżeczka (5 g)
 ','Wsypać wszystkie składniki do pojemnika, wbić jajka, zmiksować blenderem, smażyć na oleju do ścięcia ok 10 min, przerzucić na drugą stronę na 2min.',34),
--
(139,'Drugie śniadanie','Jaglanka z bananem, amarantusem i rodzynkami (wersja bez laktozy)',542,436,'Mleko ryżowe - 250 ml, Banan - jedna sztuka (120 g), Płatki jaglane - 6 łyżek (60 g), Rodzynki - 2 łyżki (22 g), Amarantus ekspandowany - 2 łyżki (6 g), Nasiona chia - jedna łyżeczka (5 g)','Rodzynki płuczemy na sitku zimną wodą, następnie przelewamy wrzątkiem. Całość wsypujemy do miski i zalewamy mlekiem.',34),
--
(140,'Obiad','Makaron z kurczakiem i brokułem (wersja bezglutenowa)',809, 628,' Brokuły - 250 g, Filet z piersi kurczaka - 150 g, Cebula - 100 g, Makaron kukurydziany - 100 g','Brokuła gotujemy na parze. Makaron przygotowujemy wg przepisu na opakowaniu. Kurczaka i cebulę kroimy w kostkę i smażymy na oleju. Dodajemy makaron i brokuła i posypujemy przyprawami.
',22),

(141,'Podwieczorek','Jajka faszerowane pieczarkami',329, 330,'Jaja kurze całe - 5 sztuk klasy L (325 g), Cebula - jedna średnia (150 g), Pieczarka świeża - 100 g, Majonez lekki (light) - 80 g, Masło - 5 g ','Jajka gotujemy na twardo. Gdy będą gotowe obieramy ze skorupki i kroimy na połowy. Z każdej wydrążamy żółtka, które wkładamy do miski aby czekały na resztę przyjaciół. Kroimy pieczarki na mniejsze kawałki i cebulę w kostkę. Następnie podsmażamy je na maśle. Żółtka gnieciemy widelcem i dodajemy wystudzone pieczarki wraz z cebulą. Aby wszystko scalić w całość dodajemy majonez i mieszamy. Po uzyskaniu jednolitej konsystencji wracamy do naszych białek jaj. W wcześniej wydrążone dziury nakładamy naszą masę, którą przyrządziliśmy przed chwilą. Aby uzyskać pełnię smaku należy dać się oswoić produktom w lodówce przez kilka minut.
',34),

(142,'Kolacja','Jajka faszerowane pieczarkami',392, 330,'Jaja kurze całe - 5 sztuk klasy L (325 g), Cebula - jedna średnia (150 g), Pieczarka świeża - 100 g, ,Majonez lekki (light) - 80 g, Masło - 5 g','Jajka gotujemy na twardo. Gdy będą gotowe obieramy ze skorupki i kroimy na połowy. Z każdej wydrążamy żółtka, które wkładamy do miski aby czekały na resztę przyjaciół. Kroimy pieczarki na mniejsze kawałki i cebulę w kostkę. Następnie podsmażamy je na maśle. Żółtka gnieciemy widelcem i dodajemy wystudzone pieczarki wraz z cebulą. Aby wszystko scalić w całość dodajemy majonez i mieszamy. Po uzyskaniu jednolitej konsystencji wracamy do naszych białek jaj. W wcześniej wydrążone dziury nakładamy naszą masę, którą przyrządziliśmy przed chwilą. Aby uzyskać pełnię smaku należy dać się oswoić produktom w lodówce przez kilka minut. ',34),
--



(143,'Śniadanie','Omlet śniadaniowy z bananem',719,329,'Banan - 1 sztuka (120 g), Jaja kurze całe - 2 sztuki M (112 g), Płatki owsiane - 6 łyżek (60 g), Orzechy włoskie - 1 łyżka (15 g), Olej rzepakowy - 1 łyżka (10 g), Rodzynki - 1 łyżeczka (7 g), Kakao w proszku - 1 łyżeczka (5 g)
 ','Wsypać wszystkie składniki do pojemnika, wbić jajka, zmiksować blenderem, smażyć na oleju do ścięcia ok 10 min, przerzucić na drugą stronę na 2min.',35),
--
(144,'Drugie śniadanie','Jaglanka z bananem, amarantusem i rodzynkami (wersja bez laktozy)',542,436,'Mleko ryżowe - 250 ml, Banan - jedna sztuka (120 g), Płatki jaglane - 6 łyżek (60 g), Rodzynki - 2 łyżki (22 g), Amarantus ekspandowany - 2 łyżki (6 g), Nasiona chia - jedna łyżeczka (5 g)','Rodzynki płuczemy na sitku zimną wodą, następnie przelewamy wrzątkiem. Całość wsypujemy do miski i zalewamy mlekiem.',35),
--
(145,'Obiad' ,'Makaron z kurczakiem i brokułem (wersja bezglutenowa)',809, 628,' Brokuły - 250 g, Filet z piersi kurczaka - 150 g, Cebula - 100 g, Makaron kukurydziany - 100 g','Brokuła gotujemy na parze. Makaron przygotowujemy wg przepisu na opakowaniu. Kurczaka i cebulę kroimy w kostkę i smażymy na oleju. Dodajemy makaron i brokuła i posypujemy przyprawami.
',35),

(146,'Podwieczorek','Jajka faszerowane pieczarkami',329, 330,'Jaja kurze całe - 5 sztuk klasy L (325 g), Cebula - jedna średnia (150 g), Pieczarka świeża - 100 g, Majonez lekki (light) - 80 g, Masło - 5 g ','Jajka gotujemy na twardo. Gdy będą gotowe obieramy ze skorupki i kroimy na połowy. Z każdej wydrążamy żółtka, które wkładamy do miski aby czekały na resztę przyjaciół. Kroimy pieczarki na mniejsze kawałki i cebulę w kostkę. Następnie podsmażamy je na maśle. Żółtka gnieciemy widelcem i dodajemy wystudzone pieczarki wraz z cebulą. Aby wszystko scalić w całość dodajemy majonez i mieszamy. Po uzyskaniu jednolitej konsystencji wracamy do naszych białek jaj. W wcześniej wydrążone dziury nakładamy naszą masę, którą przyrządziliśmy przed chwilą. Aby uzyskać pełnię smaku należy dać się oswoić produktom w lodówce przez kilka minut.
',35),

(147,'Kolacja','Jajka faszerowane pieczarkami',392, 330,'Jaja kurze całe - 5 sztuk klasy L (325 g), Cebula - jedna średnia (150 g), Pieczarka świeża - 100 g, ,Majonez lekki (light) - 80 g, Masło - 5 g','Jajka gotujemy na twardo. Gdy będą gotowe obieramy ze skorupki i kroimy na połowy. Z każdej wydrążamy żółtka, które wkładamy do miski aby czekały na resztę przyjaciół. Kroimy pieczarki na mniejsze kawałki i cebulę w kostkę. Następnie podsmażamy je na maśle. Żółtka gnieciemy widelcem i dodajemy wystudzone pieczarki wraz z cebulą. Aby wszystko scalić w całość dodajemy majonez i mieszamy. Po uzyskaniu jednolitej konsystencji wracamy do naszych białek jaj. W wcześniej wydrążone dziury nakładamy naszą masę, którą przyrządziliśmy przed chwilą. Aby uzyskać pełnię smaku należy dać się oswoić produktom w lodówce przez kilka minut. ',35),
--






-- ---------------------------------







(148,'Śniadanie','Omlet śniadaniowy z bananem',719,329,'Banan - 1 sztuka (120 g), Jaja kurze całe - 2 sztuki M (112 g), Płatki owsiane - 6 łyżek (60 g), Orzechy włoskie - 1 łyżka (15 g), Olej rzepakowy - 1 łyżka (10 g), Rodzynki - 1 łyżeczka (7 g), Kakao w proszku - 1 łyżeczka (5 g)
 ','Wsypać wszystkie składniki do pojemnika, wbić jajka, zmiksować blenderem, smażyć na oleju do ścięcia ok 10 min, przerzucić na drugą stronę na 2min.',36),
--
(149,'Drugie śniadanie','Jaglanka z bananem, amarantusem i rodzynkami (wersja bez laktozy)',542,436,'Mleko ryżowe - 250 ml, Banan - jedna sztuka (120 g), Płatki jaglane - 6 łyżek (60 g), Rodzynki - 2 łyżki (22 g), Amarantus ekspandowany - 2 łyżki (6 g), Nasiona chia - jedna łyżeczka (5 g)','Rodzynki płuczemy na sitku zimną wodą, następnie przelewamy wrzątkiem. Całość wsypujemy do miski i zalewamy mlekiem.',36),
--
(150,'Obiad','Makaron z kurczakiem i brokułem (wersja bezglutenowa)',809, 628,' Brokuły - 250 g, Filet z piersi kurczaka - 150 g, Cebula - 100 g, Makaron kukurydziany - 100 g','Brokuła gotujemy na parze. Makaron przygotowujemy wg przepisu na opakowaniu. Kurczaka i cebulę kroimy w kostkę i smażymy na oleju. Dodajemy makaron i brokuła i posypujemy przyprawami.
',36),

(151,'Podwieczorek','Jajka faszerowane pieczarkami',329, 330,'Jaja kurze całe - 5 sztuk klasy L (325 g), Cebula - jedna średnia (150 g), Pieczarka świeża - 100 g, Majonez lekki (light) - 80 g, Masło - 5 g ','Jajka gotujemy na twardo. Gdy będą gotowe obieramy ze skorupki i kroimy na połowy. Z każdej wydrążamy żółtka, które wkładamy do miski aby czekały na resztę przyjaciół. Kroimy pieczarki na mniejsze kawałki i cebulę w kostkę. Następnie podsmażamy je na maśle. Żółtka gnieciemy widelcem i dodajemy wystudzone pieczarki wraz z cebulą. Aby wszystko scalić w całość dodajemy majonez i mieszamy. Po uzyskaniu jednolitej konsystencji wracamy do naszych białek jaj. W wcześniej wydrążone dziury nakładamy naszą masę, którą przyrządziliśmy przed chwilą. Aby uzyskać pełnię smaku należy dać się oswoić produktom w lodówce przez kilka minut.
',36),

(152,'Kolacja','Jajka faszerowane pieczarkami',392, 330,'Jaja kurze całe - 5 sztuk klasy L (325 g), Cebula - jedna średnia (150 g), Pieczarka świeża - 100 g, ,Majonez lekki (light) - 80 g, Masło - 5 g','Jajka gotujemy na twardo. Gdy będą gotowe obieramy ze skorupki i kroimy na połowy. Z każdej wydrążamy żółtka, które wkładamy do miski aby czekały na resztę przyjaciół. Kroimy pieczarki na mniejsze kawałki i cebulę w kostkę. Następnie podsmażamy je na maśle. Żółtka gnieciemy widelcem i dodajemy wystudzone pieczarki wraz z cebulą. Aby wszystko scalić w całość dodajemy majonez i mieszamy. Po uzyskaniu jednolitej konsystencji wracamy do naszych białek jaj. W wcześniej wydrążone dziury nakładamy naszą masę, którą przyrządziliśmy przed chwilą. Aby uzyskać pełnię smaku należy dać się oswoić produktom w lodówce przez kilka minut. ',36),
--
--
--
(153,'Śniadanie','Jabłuszka w cieście',806,462,'Mąka pszenna typ 500 - 2,5 szklanki (350 g), Jabłko - 2 jabłka (300 g), Mleko krowie 3,2% - szklanka (250 g), Cynamon - dwie czubate łyżeczki (5g do ciasta i 5g do posypki) (10 g), Olej rzepakowy - 1 łyżka (10 g)
 ','1. Myjemy jabłka i obieramy ze skóry.

2. Kroimy w średniej wielkości plastry.

3. Przygotowujemy ciasto o konsystencji gęstej od ciasta na naleśniki dodając szczyptę cynamonu.

4. Smażymy wszystko na rozgrzanym oleju.

5. Odsączamy zbędny tłuszcz kładąc jabłka w cieście na ręcznikach papierowych i posypujemy mieszanką cukru pudru z cynamonem.

Przepis dodany przez ',37),
(154,'Drugie śniadanie','Jaglanka z figami (bez laktozy)',487,339,'','Rodzynki płuczemy na sitku zimną wodą, następnie przelewamy wrzątkiem. Całość wsypujemy do miski i zalewamy mlekiem.',22),
--
(155,'Obiad','Makaron z kurczakiem i brokułem (wersja bezglutenowa)',809, 628,' Brokuły - 250 g, Filet z piersi kurczaka - 150 g, Cebula - 100 g, Makaron kukurydziany - 100 g','Brokuła gotujemy na parze. Makaron przygotowujemy wg przepisu na opakowaniu. Kurczaka i cebulę kroimy w kostkę i smażymy na oleju. Dodajemy makaron i brokuła i posypujemy przyprawami.
',37),

(156,'Podwieczorek','Jajka faszerowane pieczarkami',329, 330,'Jaja kurze całe - 5 sztuk klasy L (325 g), Cebula - jedna średnia (150 g), Pieczarka świeża - 100 g, Majonez lekki (light) - 80 g, Masło - 5 g ','Jajka gotujemy na twardo. Gdy będą gotowe obieramy ze skorupki i kroimy na połowy. Z każdej wydrążamy żółtka, które wkładamy do miski aby czekały na resztę przyjaciół. Kroimy pieczarki na mniejsze kawałki i cebulę w kostkę. Następnie podsmażamy je na maśle. Żółtka gnieciemy widelcem i dodajemy wystudzone pieczarki wraz z cebulą. Aby wszystko scalić w całość dodajemy majonez i mieszamy. Po uzyskaniu jednolitej konsystencji wracamy do naszych białek jaj. W wcześniej wydrążone dziury nakładamy naszą masę, którą przyrządziliśmy przed chwilą. Aby uzyskać pełnię smaku należy dać się oswoić produktom w lodówce przez kilka minut.
',37),

(157,'Kolacja','Jajka faszerowane pieczarkami',392, 330,'Jaja kurze całe - 5 sztuk klasy L (325 g), Cebula - jedna średnia (150 g), Pieczarka świeża - 100 g, ,Majonez lekki (light) - 80 g, Masło - 5 g','Jajka gotujemy na twardo. Gdy będą gotowe obieramy ze skorupki i kroimy na połowy. Z każdej wydrążamy żółtka, które wkładamy do miski aby czekały na resztę przyjaciół. Kroimy pieczarki na mniejsze kawałki i cebulę w kostkę. Następnie podsmażamy je na maśle. Żółtka gnieciemy widelcem i dodajemy wystudzone pieczarki wraz z cebulą. Aby wszystko scalić w całość dodajemy majonez i mieszamy. Po uzyskaniu jednolitej konsystencji wracamy do naszych białek jaj. W wcześniej wydrążone dziury nakładamy naszą masę, którą przyrządziliśmy przed chwilą. Aby uzyskać pełnię smaku należy dać się oswoić produktom w lodówce przez kilka minut. ',37),
--



(158,'Śniadanie','Omlet śniadaniowy z bananem',719,329,'Banan - 1 sztuka (120 g), Jaja kurze całe - 2 sztuki M (112 g), Płatki owsiane - 6 łyżek (60 g), Orzechy włoskie - 1 łyżka (15 g), Olej rzepakowy - 1 łyżka (10 g), Rodzynki - 1 łyżeczka (7 g), Kakao w proszku - 1 łyżeczka (5 g)
 ','Wsypać wszystkie składniki do pojemnika, wbić jajka, zmiksować blenderem, smażyć na oleju do ścięcia ok 10 min, przerzucić na drugą stronę na 2min.',38),
--
(159,'Drugie śniadanie','Jaglanka z bananem, amarantusem i rodzynkami (wersja bez laktozy)',542,436,'Mleko ryżowe - 250 ml, Banan - jedna sztuka (120 g), Płatki jaglane - 6 łyżek (60 g), Rodzynki - 2 łyżki (22 g), Amarantus ekspandowany - 2 łyżki (6 g), Nasiona chia - jedna łyżeczka (5 g)','Rodzynki płuczemy na sitku zimną wodą, następnie przelewamy wrzątkiem. Całość wsypujemy do miski i zalewamy mlekiem.',38),
--
(160,'Obiad','Makaron z kurczakiem i brokułem (wersja bezglutenowa)',809, 628,' Brokuły - 250 g, Filet z piersi kurczaka - 150 g, Cebula - 100 g, Makaron kukurydziany - 100 g','Brokuła gotujemy na parze. Makaron przygotowujemy wg przepisu na opakowaniu. Kurczaka i cebulę kroimy w kostkę i smażymy na oleju. Dodajemy makaron i brokuła i posypujemy przyprawami.
',38),

(161,'Podwieczorek','Jajka faszerowane pieczarkami',329, 330,'Jaja kurze całe - 5 sztuk klasy L (325 g), Cebula - jedna średnia (150 g), Pieczarka świeża - 100 g, Majonez lekki (light) - 80 g, Masło - 5 g ','Jajka gotujemy na twardo. Gdy będą gotowe obieramy ze skorupki i kroimy na połowy. Z każdej wydrążamy żółtka, które wkładamy do miski aby czekały na resztę przyjaciół. Kroimy pieczarki na mniejsze kawałki i cebulę w kostkę. Następnie podsmażamy je na maśle. Żółtka gnieciemy widelcem i dodajemy wystudzone pieczarki wraz z cebulą. Aby wszystko scalić w całość dodajemy majonez i mieszamy. Po uzyskaniu jednolitej konsystencji wracamy do naszych białek jaj. W wcześniej wydrążone dziury nakładamy naszą masę, którą przyrządziliśmy przed chwilą. Aby uzyskać pełnię smaku należy dać się oswoić produktom w lodówce przez kilka minut.
',38),

(162,'Kolacja','Jajka faszerowane pieczarkami',392, 330,'Jaja kurze całe - 5 sztuk klasy L (325 g), Cebula - jedna średnia (150 g), Pieczarka świeża - 100 g, ,Majonez lekki (light) - 80 g, Masło - 5 g','Jajka gotujemy na twardo. Gdy będą gotowe obieramy ze skorupki i kroimy na połowy. Z każdej wydrążamy żółtka, które wkładamy do miski aby czekały na resztę przyjaciół. Kroimy pieczarki na mniejsze kawałki i cebulę w kostkę. Następnie podsmażamy je na maśle. Żółtka gnieciemy widelcem i dodajemy wystudzone pieczarki wraz z cebulą. Aby wszystko scalić w całość dodajemy majonez i mieszamy. Po uzyskaniu jednolitej konsystencji wracamy do naszych białek jaj. W wcześniej wydrążone dziury nakładamy naszą masę, którą przyrządziliśmy przed chwilą. Aby uzyskać pełnię smaku należy dać się oswoić produktom w lodówce przez kilka minut. ',38),
--



(163,'Śniadanie','Omlet śniadaniowy z bananem',719,329,'Banan - 1 sztuka (120 g), Jaja kurze całe - 2 sztuki M (112 g), Płatki owsiane - 6 łyżek (60 g), Orzechy włoskie - 1 łyżka (15 g), Olej rzepakowy - 1 łyżka (10 g), Rodzynki - 1 łyżeczka (7 g), Kakao w proszku - 1 łyżeczka (5 g)
 ','Wsypać wszystkie składniki do pojemnika, wbić jajka, zmiksować blenderem, smażyć na oleju do ścięcia ok 10 min, przerzucić na drugą stronę na 2min.',39),
--
(164,'Drugie śniadanie','Jaglanka z bananem, amarantusem i rodzynkami (wersja bez laktozy)',542,436,'Mleko ryżowe - 250 ml, Banan - jedna sztuka (120 g), Płatki jaglane - 6 łyżek (60 g), Rodzynki - 2 łyżki (22 g), Amarantus ekspandowany - 2 łyżki (6 g), Nasiona chia - jedna łyżeczka (5 g)','Rodzynki płuczemy na sitku zimną wodą, następnie przelewamy wrzątkiem. Całość wsypujemy do miski i zalewamy mlekiem.',39),
--
(165,'Obiad','Makaron z kurczakiem i brokułem (wersja bezglutenowa)',809, 628,' Brokuły - 250 g, Filet z piersi kurczaka - 150 g, Cebula - 100 g, Makaron kukurydziany - 100 g','Brokuła gotujemy na parze. Makaron przygotowujemy wg przepisu na opakowaniu. Kurczaka i cebulę kroimy w kostkę i smażymy na oleju. Dodajemy makaron i brokuła i posypujemy przyprawami.
',39),

(166,'Podwieczorek','Jajka faszerowane pieczarkami',329, 330,'Jaja kurze całe - 5 sztuk klasy L (325 g), Cebula - jedna średnia (150 g), Pieczarka świeża - 100 g, Majonez lekki (light) - 80 g, Masło - 5 g ','Jajka gotujemy na twardo. Gdy będą gotowe obieramy ze skorupki i kroimy na połowy. Z każdej wydrążamy żółtka, które wkładamy do miski aby czekały na resztę przyjaciół. Kroimy pieczarki na mniejsze kawałki i cebulę w kostkę. Następnie podsmażamy je na maśle. Żółtka gnieciemy widelcem i dodajemy wystudzone pieczarki wraz z cebulą. Aby wszystko scalić w całość dodajemy majonez i mieszamy. Po uzyskaniu jednolitej konsystencji wracamy do naszych białek jaj. W wcześniej wydrążone dziury nakładamy naszą masę, którą przyrządziliśmy przed chwilą. Aby uzyskać pełnię smaku należy dać się oswoić produktom w lodówce przez kilka minut.
',39),

(167,'Kolacja','Jajka faszerowane pieczarkami',392, 330,'Jaja kurze całe - 5 sztuk klasy L (325 g), Cebula - jedna średnia (150 g), Pieczarka świeża - 100 g, ,Majonez lekki (light) - 80 g, Masło - 5 g','Jajka gotujemy na twardo. Gdy będą gotowe obieramy ze skorupki i kroimy na połowy. Z każdej wydrążamy żółtka, które wkładamy do miski aby czekały na resztę przyjaciół. Kroimy pieczarki na mniejsze kawałki i cebulę w kostkę. Następnie podsmażamy je na maśle. Żółtka gnieciemy widelcem i dodajemy wystudzone pieczarki wraz z cebulą. Aby wszystko scalić w całość dodajemy majonez i mieszamy. Po uzyskaniu jednolitej konsystencji wracamy do naszych białek jaj. W wcześniej wydrążone dziury nakładamy naszą masę, którą przyrządziliśmy przed chwilą. Aby uzyskać pełnię smaku należy dać się oswoić produktom w lodówce przez kilka minut. ',39),
--



(168,'Śniadanie','Omlet śniadaniowy z bananem',719,329,'Banan - 1 sztuka (120 g), Jaja kurze całe - 2 sztuki M (112 g), Płatki owsiane - 6 łyżek (60 g), Orzechy włoskie - 1 łyżka (15 g), Olej rzepakowy - 1 łyżka (10 g), Rodzynki - 1 łyżeczka (7 g), Kakao w proszku - 1 łyżeczka (5 g)
 ','Wsypać wszystkie składniki do pojemnika, wbić jajka, zmiksować blenderem, smażyć na oleju do ścięcia ok 10 min, przerzucić na drugą stronę na 2min.',40),
--
(169,'Drugie śniadanie','Jaglanka z bananem, amarantusem i rodzynkami (wersja bez laktozy)',542,436,'Mleko ryżowe - 250 ml, Banan - jedna sztuka (120 g), Płatki jaglane - 6 łyżek (60 g), Rodzynki - 2 łyżki (22 g), Amarantus ekspandowany - 2 łyżki (6 g), Nasiona chia - jedna łyżeczka (5 g)','Rodzynki płuczemy na sitku zimną wodą, następnie przelewamy wrzątkiem. Całość wsypujemy do miski i zalewamy mlekiem.',22),
--
(170,'Obiad','Makaron z kurczakiem i brokułem (wersja bezglutenowa)',809, 628,' Brokuły - 250 g, Filet z piersi kurczaka - 150 g, Cebula - 100 g, Makaron kukurydziany - 100 g','Brokuła gotujemy na parze. Makaron przygotowujemy wg przepisu na opakowaniu. Kurczaka i cebulę kroimy w kostkę i smażymy na oleju. Dodajemy makaron i brokuła i posypujemy przyprawami.
',40),

(171,'Podwieczorek','Jajka faszerowane pieczarkami',329, 330,'Jaja kurze całe - 5 sztuk klasy L (325 g), Cebula - jedna średnia (150 g), Pieczarka świeża - 100 g, Majonez lekki (light) - 80 g, Masło - 5 g ','Jajka gotujemy na twardo. Gdy będą gotowe obieramy ze skorupki i kroimy na połowy. Z każdej wydrążamy żółtka, które wkładamy do miski aby czekały na resztę przyjaciół. Kroimy pieczarki na mniejsze kawałki i cebulę w kostkę. Następnie podsmażamy je na maśle. Żółtka gnieciemy widelcem i dodajemy wystudzone pieczarki wraz z cebulą. Aby wszystko scalić w całość dodajemy majonez i mieszamy. Po uzyskaniu jednolitej konsystencji wracamy do naszych białek jaj. W wcześniej wydrążone dziury nakładamy naszą masę, którą przyrządziliśmy przed chwilą. Aby uzyskać pełnię smaku należy dać się oswoić produktom w lodówce przez kilka minut.
',40),

(172,'Kolacja','Jajka faszerowane pieczarkami',392, 330,'Jaja kurze całe - 5 sztuk klasy L (325 g), Cebula - jedna średnia (150 g), Pieczarka świeża - 100 g, ,Majonez lekki (light) - 80 g, Masło - 5 g','Jajka gotujemy na twardo. Gdy będą gotowe obieramy ze skorupki i kroimy na połowy. Z każdej wydrążamy żółtka, które wkładamy do miski aby czekały na resztę przyjaciół. Kroimy pieczarki na mniejsze kawałki i cebulę w kostkę. Następnie podsmażamy je na maśle. Żółtka gnieciemy widelcem i dodajemy wystudzone pieczarki wraz z cebulą. Aby wszystko scalić w całość dodajemy majonez i mieszamy. Po uzyskaniu jednolitej konsystencji wracamy do naszych białek jaj. W wcześniej wydrążone dziury nakładamy naszą masę, którą przyrządziliśmy przed chwilą. Aby uzyskać pełnię smaku należy dać się oswoić produktom w lodówce przez kilka minut. ',40),
--



(173,'Śniadanie','Omlet śniadaniowy z bananem',719,329,'Banan - 1 sztuka (120 g), Jaja kurze całe - 2 sztuki M (112 g), Płatki owsiane - 6 łyżek (60 g), Orzechy włoskie - 1 łyżka (15 g), Olej rzepakowy - 1 łyżka (10 g), Rodzynki - 1 łyżeczka (7 g), Kakao w proszku - 1 łyżeczka (5 g)
 ','Wsypać wszystkie składniki do pojemnika, wbić jajka, zmiksować blenderem, smażyć na oleju do ścięcia ok 10 min, przerzucić na drugą stronę na 2min.',41),
--
(174,'Drugie śniadanie','Jaglanka z bananem, amarantusem i rodzynkami (wersja bez laktozy)',542,436,'Mleko ryżowe - 250 ml, Banan - jedna sztuka (120 g), Płatki jaglane - 6 łyżek (60 g), Rodzynki - 2 łyżki (22 g), Amarantus ekspandowany - 2 łyżki (6 g), Nasiona chia - jedna łyżeczka (5 g)','Rodzynki płuczemy na sitku zimną wodą, następnie przelewamy wrzątkiem. Całość wsypujemy do miski i zalewamy mlekiem.',22),
--
(175,'Obiad','Makaron z kurczakiem i brokułem (wersja bezglutenowa)',809, 628,' Brokuły - 250 g, Filet z piersi kurczaka - 150 g, Cebula - 100 g, Makaron kukurydziany - 100 g','Brokuła gotujemy na parze. Makaron przygotowujemy wg przepisu na opakowaniu. Kurczaka i cebulę kroimy w kostkę i smażymy na oleju. Dodajemy makaron i brokuła i posypujemy przyprawami.
',41),

(176,'Podwieczorek','Jajka faszerowane pieczarkami',329, 330,'Jaja kurze całe - 5 sztuk klasy L (325 g), Cebula - jedna średnia (150 g), Pieczarka świeża - 100 g, Majonez lekki (light) - 80 g, Masło - 5 g ','Jajka gotujemy na twardo. Gdy będą gotowe obieramy ze skorupki i kroimy na połowy. Z każdej wydrążamy żółtka, które wkładamy do miski aby czekały na resztę przyjaciół. Kroimy pieczarki na mniejsze kawałki i cebulę w kostkę. Następnie podsmażamy je na maśle. Żółtka gnieciemy widelcem i dodajemy wystudzone pieczarki wraz z cebulą. Aby wszystko scalić w całość dodajemy majonez i mieszamy. Po uzyskaniu jednolitej konsystencji wracamy do naszych białek jaj. W wcześniej wydrążone dziury nakładamy naszą masę, którą przyrządziliśmy przed chwilą. Aby uzyskać pełnię smaku należy dać się oswoić produktom w lodówce przez kilka minut.
',41),

(177,'Kolacja','Jajka faszerowane pieczarkami',392, 330,'Jaja kurze całe - 5 sztuk klasy L (325 g), Cebula - jedna średnia (150 g), Pieczarka świeża - 100 g, ,Majonez lekki (light) - 80 g, Masło - 5 g','Jajka gotujemy na twardo. Gdy będą gotowe obieramy ze skorupki i kroimy na połowy. Z każdej wydrążamy żółtka, które wkładamy do miski aby czekały na resztę przyjaciół. Kroimy pieczarki na mniejsze kawałki i cebulę w kostkę. Następnie podsmażamy je na maśle. Żółtka gnieciemy widelcem i dodajemy wystudzone pieczarki wraz z cebulą. Aby wszystko scalić w całość dodajemy majonez i mieszamy. Po uzyskaniu jednolitej konsystencji wracamy do naszych białek jaj. W wcześniej wydrążone dziury nakładamy naszą masę, którą przyrządziliśmy przed chwilą. Aby uzyskać pełnię smaku należy dać się oswoić produktom w lodówce przez kilka minut. ',41),
--




(178,'Śniadanie','Omlet śniadaniowy z bananem',719,329,'Banan - 1 sztuka (120 g), Jaja kurze całe - 2 sztuki M (112 g), Płatki owsiane - 6 łyżek (60 g), Orzechy włoskie - 1 łyżka (15 g), Olej rzepakowy - 1 łyżka (10 g), Rodzynki - 1 łyżeczka (7 g), Kakao w proszku - 1 łyżeczka (5 g)
 ','Wsypać wszystkie składniki do pojemnika, wbić jajka, zmiksować blenderem, smażyć na oleju do ścięcia ok 10 min, przerzucić na drugą stronę na 2min.',42),
--
(179,'Drugie śniadanie','Jaglanka z bananem, amarantusem i rodzynkami (wersja bez laktozy)',542,436,'Mleko ryżowe - 250 ml, Banan - jedna sztuka (120 g), Płatki jaglane - 6 łyżek (60 g), Rodzynki - 2 łyżki (22 g), Amarantus ekspandowany - 2 łyżki (6 g), Nasiona chia - jedna łyżeczka (5 g)','Rodzynki płuczemy na sitku zimną wodą, następnie przelewamy wrzątkiem. Całość wsypujemy do miski i zalewamy mlekiem.',22),
--
(180,'Obiad','Makaron z kurczakiem i brokułem (wersja bezglutenowa)',809, 628,' Brokuły - 250 g, Filet z piersi kurczaka - 150 g, Cebula - 100 g, Makaron kukurydziany - 100 g','Brokuła gotujemy na parze. Makaron przygotowujemy wg przepisu na opakowaniu. Kurczaka i cebulę kroimy w kostkę i smażymy na oleju. Dodajemy makaron i brokuła i posypujemy przyprawami.
',42),

(181,'Podwieczorek','Jajka faszerowane pieczarkami',329, 330,'Jaja kurze całe - 5 sztuk klasy L (325 g), Cebula - jedna średnia (150 g), Pieczarka świeża - 100 g, Majonez lekki (light) - 80 g, Masło - 5 g ','Jajka gotujemy na twardo. Gdy będą gotowe obieramy ze skorupki i kroimy na połowy. Z każdej wydrążamy żółtka, które wkładamy do miski aby czekały na resztę przyjaciół. Kroimy pieczarki na mniejsze kawałki i cebulę w kostkę. Następnie podsmażamy je na maśle. Żółtka gnieciemy widelcem i dodajemy wystudzone pieczarki wraz z cebulą. Aby wszystko scalić w całość dodajemy majonez i mieszamy. Po uzyskaniu jednolitej konsystencji wracamy do naszych białek jaj. W wcześniej wydrążone dziury nakładamy naszą masę, którą przyrządziliśmy przed chwilą. Aby uzyskać pełnię smaku należy dać się oswoić produktom w lodówce przez kilka minut.
',42),

(182,'Kolacja','Jajka faszerowane pieczarkami',392, 330,'Jaja kurze całe - 5 sztuk klasy L (325 g), Cebula - jedna średnia (150 g), Pieczarka świeża - 100 g, ,Majonez lekki (light) - 80 g, Masło - 5 g','Jajka gotujemy na twardo. Gdy będą gotowe obieramy ze skorupki i kroimy na połowy. Z każdej wydrążamy żółtka, które wkładamy do miski aby czekały na resztę przyjaciół. Kroimy pieczarki na mniejsze kawałki i cebulę w kostkę. Następnie podsmażamy je na maśle. Żółtka gnieciemy widelcem i dodajemy wystudzone pieczarki wraz z cebulą. Aby wszystko scalić w całość dodajemy majonez i mieszamy. Po uzyskaniu jednolitej konsystencji wracamy do naszych białek jaj. W wcześniej wydrążone dziury nakładamy naszą masę, którą przyrządziliśmy przed chwilą. Aby uzyskać pełnię smaku należy dać się oswoić produktom w lodówce przez kilka minut. ',42);





























































































































--
--
--

--
-- ALTER TABLE "plan" DROP FOREIGN KEY "plan_id";
-- ALTER TABLE "training" DROP FOREIGN KEY "plan_treningowy";
-- DELETE FROM plan;


-- (3,'sroda','0','0','Brak',1),(4,'czwartek','15','5','przysiady',1);
-- (2,'wtorek','15','5','sztangielki',1);
-- ,(2,'wtorek','15','5','sztangielki',1),(3,'sroda','0','0','Brak',1),(4,'czwartek','15','5','przysiady',1);

-- DELETE FROM plan_mapadziencwiczenie;
-- INSERT INTO  plan_mapadziencwiczenie(plan_id,mapadziencwiczenie_key, mapadziencwiczenie)
-- VALUE (1,'poniedziałek','yolo'),(1,'trolo','trolo');
-- INSERT INTO  plan_mapadziencwiczenie(plan_id, mapadziencwiczenie,mapadziencwiczenie_key)
-- VALUE (2,'trolo','trolo')

--
-- INSERT INTO  weight(id,currentdate,waga,adres_email_uzytkownia)
-- VALUE
-- (4,2019-01-01 16:10:22)